Contact ID,Full Name,Email,Phone,Company,City,Created
A-00001,L. Brandt,lbrandt@example.com,0151 0000 2951,Kiefernhof Gartenbau,Leipzig,2023-11-02
A-00002,,kontakt.6877@example.com,,,,2021-06-11
A-00003,Käthe Köhler,Kaethe.Koehler2@Example.Com,0151 0000 8890,Kiefernhof Gartenbau,Köln,2019-12-15
A-00004,LUKAS KELLER,Lukas.Keller@Example.Com,+4915100003451,,,2023-12-16
A-00005,boris imhof,boris.imhof@example.com,+49 (0)151 0000 6285,Morgenrot Heizung & Sanitär,,2022-10-17
A-00006,Leon Yilmaz,leon.yilmaz@example.com,(0151) 0000 6736,Wiesengrund Dachdecker GmbH,Berlin,2021-12-28
A-00007,L. Dietrich,  leon.dietrich@example.com ,015100000318,,Bremen,2021-10-06
A-00008,Alina Horvat,Alina.Horvat@Example.Com,keine,Falkenhorst Malerbetrieb,,2022-03-13
A-00009,Ulrike Sommer,ulrike.sommer@example.com,,Kiefernhof Haustechnik GmbH,Rostock,2023-02-17
A-00010,Philipp Köhler,  philipp.koehler@example.com ,+4915100005305,Kiefernhof Schreinerei,Nürnberg,
A-00011,Felix Frey,,,,,2024-08-16
A-00012,LEON OSTERMANN,leon.ostermann@example.com,+49 151 0000 6042,,,2023-05-05
A-00013,Ines Czerny,,Tel. 0151 00009323,,,
A-00014,Miriam  Nowak ,Miriam.Nowak@Example.Com,0151-0000-5929,Eichenau Bau GmbH,,2019-09-07
A-00015,Rita Ibrahim,rita.ibrahim@example.com,0151 0000 0167,Tannenwald Metallbau GmbH,,
A-00016,Philipp Jung,Pjung@Example.Com,,,Ulm,2019-04-25
A-00017,PHILIPP GRAF,philipp.graf@example.com,0049 151 0000 8023,Bergwerk Fensterbau,,2022-09-18
A-00018,Tamara Lehmann,  tamara.lehmann@example.com ,,,,2024-08-13
A-00019,Karin Lorenz,Karin.Lorenz@Example.Com,,Alpenglut Heizung & Sanitär,,2019-01-21
A-00020,Vera Moser,Vera.Moser@Example.Com,0151 0000 0473,Seebrise Logistik KG,,2023-07-18
A-00021,Lukas Thiel,LUKAS.THIEL@EXAMPLE.COM,Tel. 0151 00000350,Steinfeld Metallbau GmbH,Frankfurt,
A-00022,Paul Roth,,0151-0000-6109,,Stuttgart,2023-03-22
A-00023,Mara Baumgartner,n/a,+49 (0)151 0000 8596,Silberbach Reinigung,Dortmund,2024-06-08
A-00024,Heiko Sommer,Mbtzjfdbg@Example.Com,0151 0000 4316,Morgenrot Elektro,Frankfurt,2020-05-10
A-00025,Jana Voigt,jana.voigt@example.com,015100001863,,Stuttgart,2025-07-21
A-00026,Rosa Martin,  rosa.martin@example.com ,+49 151 0000 0965,,Berlin,2025-10-13
A-00027,Walter Krause,  walter.krause@example.com ,015100007462,,Kassel,2020-02-27
A-00028,Philipp Schröder,philipp.schroeder@example.com,+49 (0)151 0000 7345,Sonnenberg Schreinerei,Frankfurt,2025-05-13
A-00029,Quentin Böhm,quentin.boehm@example.com,4915100003930,Rheinblick Metallbau GmbH,Mainz,2023-07-23
A-00030,Käthe Vollmer,  kaethe.vollmer@example.com ,Tel. 0151 00006752,Tannenwald Haustechnik GmbH,Stuttgart,2025-09-13
A-00031,Nils  Beck ,nils.beck@example.com,0151-0000-5404,Bergwerk Bau GmbH,Stuttgart,2024-09-17
A-00032,xenia müller,Xenia.Mueller@Example.Com,015100000804,Morgenrot Dachdecker GmbH,Erfurt,2023-07-11
A-00033,Xenia Sommer,xenia.sommer@example.com,0151 0000 4906,Seebrise Schreinerei,Dortmund,2025-08-18
A-00034,Oskar  Kaiser ,OSKAR.KAISER@EXAMPLE.COM,(0151) 0000 2755,,,2022-05-07
A-00035,XENIA GEBHARDT,xenia.gebhardt2@example.com,+4915100002171,Silberbach Haustechnik GmbH,,2025-06-29
A-00036,Walter Moser,,,,Bremen,2020-02-03
A-00037,Elif Quast,Elif.Quast@Example.Com,(0151) 0000 4907,Sonnenberg Fensterbau,,2023-05-04
A-00038,Ines Lehmann,ines.lehmann@example.com,0151/00005376,Falkenhorst Schreinerei,Köln,2024-09-01
A-00039,zoë eberle,Zoe.Eberle3@Example.Com,,Steinfeld Fensterbau,,2019-08-10
A-00040,L. Ulrich,lukas.ulrich@example.com,0151 0000 5121,Kiefernhof Dachdecker GmbH,Köln,2021-03-12
A-00041,Oskar Voigt,oskar.voigt@example.com,,Eichenau Fensterbau,Essen,2024-04-20
A-00042,Wiebke Winter,wiebke.winter@example.com,Tel. 0151 00000846,Falkenhorst Elektro,Freiburg,2021-12-19
A-00043,Felix Lorenz,felix.lorenz@example.com,,Seebrise Elektro,,2020-04-01
A-00044,Marek Unger,,0151/00001337,Steinfeld Logistik KG,,2025-01-16
A-00045,Björn Köhler,Bjoern.Koehler@Example.Com,4915100009954,,Stuttgart,2019-05-07
A-00046,XENIA HORVAT,xenia.horvat2@example.com,4915100007451,,,2023-09-21
A-00047,Heiko  Quast ,Heiko.Quast@Example.Com,,,Kassel,2023-12-04
A-00048,Ottilie Müller,,+49 151 0000 9707,,Bremen,2024-10-09
A-00049,Rita Conrad,Rconrad@Example.Com,+49 151 0000 3045,Alpenglut Dachdecker GmbH,,2023-03-17
A-00050,Dlunzqlh Fugngxrs,Dlunzqlh.Fugngxrs@Example.Com,+4915100009764,,,2025-06-25
A-00051,stefan kaiser,Stefan.Kaiser2@Example.Com,0049 151 0000 9844,Morgenrot Heizung & Sanitär,Bremen,2020-12-26
A-00052,o. graf,Oskar.Graf@Example.Com,,Rheinblick Schreinerei,,2025-07-06
A-00053,,kontakt.5094@example.com,,,,2025-05-28
A-00054,Jakob Fuchs,Jakob.Fuchs@Example.Com,+49 151 0000 3991,Morgenrot Logistik KG,Frankfurt,2025-12-22
A-00055,Jürgen  Sommer ,none,0151/00006798,,Kassel,2024-07-06
A-00056,,KONTAKT.8216@EXAMPLE.COM,(0151) 0000 9008,,,2022-02-05
A-00057,DUMMY KONTAKT,dummy.kontakt38@example.com,,,,2021-07-21
A-00058,Dorothea Dorothea,dorothea.dorothea@example.com,+49 151 00001828,,,2023-09-21
A-00059,Zoe Schröder,zoe.schroeder@example.com,015100006654,,Graz,2025-08-17
A-00060,MAREK BÖHM,Marek.Boehm@Example.Com,,Falkenhorst Reinigung,,2023-01-14
A-00061,Jonas Hartmann,JONAS.HARTMANN@EXAMPLE.COM,0049 151 0000 8197,Wiesengrund Haustechnik GmbH,,2023-04-08
A-00062,Ulrike Imhof,uimhof@example.com,,,,2020-12-25
A-00063,Max Mustermann,max.mustermann17@example.com,0151 0000 8936,,,2019-01-28
A-00064,Yannik Kovacs,yannik.kovacs@example.com,,,,2022-12-27
A-00065,Uwe  Naumann ,  uwe.naumann@example.com ,(0151) 0000 9039,,,2025-12-22
A-00066,jürgen novak,Juergen.Novak@Example.Com,0151/00000509,,Kassel,2020-05-07
A-00067,Oskar Bergmann,OSKAR.BERGMANN@EXAMPLE.COM,015100003681,Silberbach Gartenbau,Frankfurt,2024-10-26
A-00068,Test Test,Test.Test11@Example.Com,,,,2021-08-30
A-00069,Max Mustermann,max.mustermann28@example.com,,,,2024-06-25
A-00070,Hnqh Wwzqtx,hnqhwwzqtx@example.com,+49 (0)151 0000 4011,,,
A-00071,L. SCHRÖDER,lea.schroeder@example.com,+49 151 0000 9304,Seebrise Elektro,Dortmund,2020-08-26
A-00072,Lea Maurer,  lea.maurer@example.com ,0151/00005550,Alpenglut Bau GmbH,Kassel,2025-09-07
A-00073,Noah Thiel,noah.thiel2@example.com,+4915100001141,Silberbach Malerbetrieb,Hannover,2025-04-03
A-00074,L. Quast,LQUAST@EXAMPLE.COM,,Sonnenberg Heizung & Sanitär,Dresden,2023-08-30
A-00075,Marek Peters,marek.peters@example.com,0049 151 0000 8945,Falkenhorst Metallbau GmbH,Rostock,2025-09-15
A-00076,F. PFEIFFER,fpfeiffer@example.com,,,Leipzig,2025-08-19
A-00077,A. Arnold,aarnold@example.com,,Falkenhorst Metallbau GmbH,,2020-08-07
A-00078,Jonas Ibrahim,jonas.ibrahim@example.com,+49 151 00004003,Rheinblick Reinigung,Hannover,2020-06-30
A-00079,Sabine Dietrich,sdietrich@example.com,(0151) 0000 1321,Rheinblick Dachdecker GmbH,,2025-07-13
A-00080,Cem Beck,  cem.beck2@example.com ,015100001628,Nordlicht Elektro,,2022-05-10
A-00081,Emma Engel,Emma.Engel@Example.Com,+4915100002869,,Essen,2025-08-26
A-00082,Felix Czerny,felix.czerny@example.com,,Bergwerk Reinigung,Frankfurt,2020-08-02
A-00083,Ulrike Lüdke,Uluedke@Example.Com,+49 151 0000 8154,,Leipzig,2025-03-21
A-00084,Uwe Dahl,Uwe.Dahl@Example.Com,+49 (0)151 0000 8503,,Erfurt,2025-10-21
A-00085,Elif Marx,elif.marx3@example.com,+49 151 0000 6867,Seebrise Gartenbau,Mainz,2021-03-16
A-00086,Jana Martin,Jana.Martin@Example.Com,,,Köln,2024-03-17
A-00087,,kontakt.6902@example.com,0151 0000 3471,,,2023-03-15
A-00088,Miriam Pfeiffer,mpfeiffer@example.com,015100005795,,,2019-04-29
A-00089,Elif Unger,Elif.Unger@Example.Com,+49 151 0000 4348,,,2023-05-08
A-00090,Cem Teufel,cteufel@example.com,0151 0000 5655,Nordlicht Haustechnik GmbH,Dresden,2021-05-02
A-00091,zoe kaiser,zoe.kaiser2@example.com,+49 151 00007270,,,2021-10-15
A-00092,Paul  Conrad ,mqthkwlz@example.com,(0151) 0000 8202,Nordlicht Logistik KG,Berlin,2025-12-02
A-00093,Nils  Schröder ,,0151-0000-6164,,,2021-08-19
A-00094,Hannes Reimann,hannes.reimann@example.com,,Steinfeld Logistik KG,Bremen,2022-07-02
A-00095,Noah Lehmann,Nlehmann@Example.Com,+49 151 00000442,,,2021-09-28
A-00096,Jana Dahl,jana.dahl@example,0151/00001787,Morgenrot Heizung & Sanitär,Hamburg,2021-04-27
A-00097,Nadine Brandt,nadine.brandt@example.com,(0151) 0000 0547,Tannenwald Logistik KG,,2019-06-21
A-00098,greta czerny,gczerny@example.com,+4915100004582,Bergwerk Metallbau GmbH,Ulm,2022-07-14
A-00099,CEM CZERNY,,015100003842,,,2020-08-06
A-00100,ben otto,ben.otto2@example.com,0151-0000-1289,Seebrise Malerbetrieb,München,2023-06-17
A-00101,Leon Quast,leon.quast@example.com,0151-0000-4296,Sonnenberg Heizung & Sanitär,Dresden,2022-11-25
A-00102,Anna Ulrich,  anna.ulrich2@example.com ,015100004564,Lindenhof Logistik KG,Ulm,2019-08-12
A-00103,P. VOLLMER,philipp.vollmer@example.com,+49 (0)151 0000 1589,,,2024-11-24
A-00104,Jonas Dahl,jonas.dahl2@example.com,+49 (0)151 0000 4052,Nordlicht Schreinerei,Hannover,2021-01-19
A-00105,Yannik Voigt,,0151,,Kassel,2022-02-14
A-00106,Birgit Baumgartner,,+4915100007942,,Freiburg,2022-03-05
A-00107,Oskar Oskar,oskar.oskar@example.com,+49 151 0000 8798,,,2020-07-21
A-00108,timo horvat,timo.horvat@example.com,Tel. 0151 00003872,Morgenrot Bau GmbH,Dortmund,
A-00109,Armin Baumgartner,armin.baumgartner@example.com,+49 (0)151 0000 1189,Rheinblick Fensterbau,,2025-10-09
A-00110,Wiebke Köhler,  wiebke.koehler@example.com ,,Rheinblick Malerbetrieb,Hannover,2021-02-27
A-00111,BORIS ROTH,broth@example.com,,,,2019-12-29
A-00112,Cem Sommer,cem.sommer@example.com,+49 (0)151 0000 8057,Sonnenberg Dachdecker GmbH,Berlin,2024-06-18
A-00113,Nadine Jansen,Nadine.Jansen@Example.Com,+49 151 00008072,Kiefernhof Metallbau GmbH,Leipzig,2023-01-29
A-00114,Quentin Vollmer,,Tel. 0151 00006312,Silberbach Metallbau GmbH,Stuttgart,2019-05-29
A-00115,Greta Quast,GRETA.QUAST@EXAMPLE.COM,0151/00003698,Nordlicht Haustechnik GmbH,Mainz,2023-08-31
A-00116,lea jung,Ljung@Example.Com,+4915100008139,,Nürnberg,2024-06-07
A-00117,Z.  Fuchs ,zoe.fuchs@example,+4915100000153,Bergwerk Schreinerei,,2019-04-09
A-00118,,kontakt.6789@example.com,,,,
A-00119,Carla Winter,,Tel. 0151 00000101,,Köln,2025-08-13
A-00120,Cem Keller,Ckeller@Example.Com,,,,2022-11-22
A-00121,Katharina Unger,Katharina.Unger@Example.Com,0049 151 0000 5563,Rheinblick Dachdecker GmbH,,2022-10-09
A-00122,Vera Jansen,Vera.Jansen@Example.Com,(0151) 0000 6948,Steinfeld Dachdecker GmbH,,2021-01-10
A-00123,Hannes Unger,,0151-0000-9062,,Nürnberg,2025-11-17
A-00124,Quentin Lehmann,n/a,+4915100001941,Bergwerk Fensterbau,,2023-12-11
A-00125,Vera Marx,Vera.Marx@Example.Com,,Nordlicht Gartenbau,Ulm,2025-04-06
A-00126,Jana Jung,,+49 151 0000 7812,Seebrise Metallbau GmbH,Frankfurt,2023-01-19
A-00127,TEST KUNDE,test22@example.com,,,,2021-05-11
A-00128,Ida Vollmer,ida.vollmer@example.com,0151 0000 5963,Steinfeld Logistik KG,München,2024-04-08
A-00129,Jakob Roth,Jakob.Roth@Example.Com,+49 151 00001870,,Erfurt,2022-05-07
A-00130,Oskar Bergmann,Oskar.Bergmann@Example.Com,,Silberbach Gartenbau,,2022-12-17
A-00131,Björn Eberle,bjoern.eberle@example.com,,Morgenrot Bau GmbH,München,2022-09-21
A-00132,Boris Zimmer,,+4915100004983,Rheinblick Malerbetrieb,Ulm,2025-05-01
A-00133,Lukas Conrad,lukas.conrad@example.org,+49 151 00000712,Rheinblick Dachdecker GmbH,Nürnberg,2023-10-03
A-00134,Rita Martin,rmartin@example.com,,,,2023-01-08
A-00135,Emma Dahl,emma.dahl2@example.com,0151-0000-0229,,Leipzig,2020-10-18
A-00136,Stefan Müller,stefan.mueller@example.com,+49 151 00004506,Kiefernhof Malerbetrieb,München,2021-10-29
A-00137,test kunde,test45@example.com,,,,2023-12-02
A-00138,Jonas Czerny,wjttmmfxtp@example.com,(0151) 0000 2928,Seebrise Reinigung,Stuttgart,2023-05-22
A-00139,Ben Peters,ben.peters@example.com,0049 151 0000 6746,Seebrise Elektro,,2023-05-20
A-00140,Jana Eberle,jana.eberle@example.com,12345,Seebrise Dachdecker GmbH,Graz,2024-06-14
A-00141,Stefan  Conrad ,STEFAN.CONRAD@EXAMPLE.COM,Tel. 0151 00005508,,Leipzig,2020-07-01
A-00142,Jana Unger,jana.unger@example.com,015100000879,,Stuttgart,2019-02-08
A-00143,Xenia  Lehmann ,xenia.lehmann@example.com,0151/00007317,,Berlin,2020-12-04
A-00144,Ulrike Graf,kein mail,015100008255,Kiefernhof Elektro,Essen,2019-01-04
A-00145,Rita Marx,Rmarx@Example.Com,,Seebrise Logistik KG,,2024-10-21
A-00146,Nils Lüdke,nils.luedke@example.com,0151/00005874,Silberbach Heizung & Sanitär,Stuttgart,2020-09-11
A-00147,Felix Teufel,felix.teufel@example.com,,Morgenrot Bau GmbH,Hannover,2021-04-15
A-00148,Ottilie Nowak,ottilie.nowak@example.com,015100002201,Tannenwald Haustechnik GmbH,Kassel,2022-03-22
A-00149,ottilie otto,ottilie.otto@example.com,015100000342,Lindenhof Dachdecker GmbH,Rostock,2022-08-26
A-00150,yannik graf,,+4915100005130,Alpenglut Elektro,,2025-03-27
A-00151,Leon Peters,Leon.Peters@Example.Com,,Falkenhorst Malerbetrieb,,2019-06-29
A-00152,Carla Marx,CARLA.MARX@EXAMPLE.COM,,Seebrise Elektro,,2021-12-02
A-00153,Qwertz Asdfg,kontakt.5921@example.com,Tel. 0151 00000950,,,2019-12-13
A-00154,Dummy Kontakt,  dummy.kontakt10@example.com ,Tel. 0151 00002287,,,2022-11-05
A-00155,Oskar Lüdke,Oskar.Luedke@Example.Com,+49 151 00004690,,,2019-05-21
A-00156,Fabian Sommer,fsommer@example.com,0151/00001900,,Bremen,2023-07-10
A-00157,Ulrike Keller,ULRIKE.KELLER@EXAMPLE.COM,+49 151 0000 5765,Lindenhof Heizung & Sanitär,Dresden,2022-02-27
A-00158,Test Kunde,Test20@Example.Com,(0151) 0000 9675,,,2025-03-21
A-00159,Gisela Naumann,GISELA.NAUMANN@EXAMPLE.COM,0151-0000-3110,,,2020-06-29
A-00160,david seidel,,(0151) 0000 0591,,,2020-10-27
A-00161,zoë beck,zoe.beck@example.com,+4915100000201,Rheinblick Heizung & Sanitär,Essen,
A-00162,Viktor Wagner,VIKTOR.WAGNER@EXAMPLE.COM,0151 0000 1495,Alpenglut Bau GmbH,Hannover,2022-01-19
A-00163,uwe böhm,  uwe.boehm@example.com ,0151-0000-4543,,Dortmund,2025-10-14
A-00164,Quentin Lehmann,qlehmann@example.com,,Morgenrot Heizung & Sanitär,,2019-01-27
A-00165,Jana Schröder,Jschroeder@Example.Com,+49 (0)151 0000 0515,,Nürnberg,2022-01-10
A-00166,Ulrike Pfeiffer,ulrike.pfeiffer@example.com,+49 151 0000 6685,Falkenhorst Elektro,Ulm,2021-07-17
A-00167,Theresa Thiel,Theresa.Thiel@Example.Com,+49 151 0000 0259,,München,2023-04-06
A-00168,test kunde,test59@example.com,,,,2021-10-08
A-00169,Greta Naumann,greta.naumann@example.com,,Alpenglut Malerbetrieb,Erfurt,2021-01-01
A-00170,Leon Ott,Leon.Ott@Example.Com,0151/00006623,Nordlicht Logistik KG,Erfurt,
A-00171,Hannes Zimmer,hzimmer@example.com,0151/00006687,Eichenau Dachdecker GmbH,Erfurt,2022-09-08
A-00172,Philipp Jung,pjung@example.com,+49 151 0000 9107,Falkenhorst Fensterbau,Ulm,2025-03-05
A-00173,Ben  Kovacs ,Ben.Kovacs@Example.Com,+4915100006571,Seebrise Gartenbau,,2024-04-18
A-00174,Greta Naumann,greta.naumann2@example.com,,,Freiburg,2021-04-22
A-00175,Jürgen Lindner,  juergen.lindner@example.com ,,Lindenhof Metallbau GmbH,Ulm,
A-00176,Sabine Jansen,SABINE.JANSEN2@EXAMPLE.COM,015100009193,Alpenglut Metallbau GmbH,Freiburg,2022-06-22
A-00177,Ottilie Bergmann,Obergmann@Example.Com,,Lindenhof Dachdecker GmbH,,
A-00178,Paul Lehmann,paul.lehmann@example.com,015100005664,Morgenrot Fensterbau,Stuttgart,n/a
A-00179,Rosa Dietrich,rosa.dietrich@example.com,12345,Seebrise Gartenbau,Ulm,2024-06-24
A-00180,Noah Ulrich,  noah.ulrich2@example.com ,0151-0000-5120,Seebrise Dachdecker GmbH,Graz,2025-12-08
A-00181,Uwe Eberle,  uwe.eberle@example.com ,,Sonnenberg Heizung & Sanitär,,
A-00182,SABINE NOWAK,sabine.nowak@example.com,015100002297,Steinfeld Haustechnik GmbH,Erfurt,2023-02-20
A-00183,Zoe Richter,zoe.richter@example.com,+4915100008904,,Graz,2024-07-26
A-00184,Emma Keller,Emma.Keller@Example.Com,Tel. 0151 00000824,Lindenhof Schreinerei,Köln,2020-10-06
A-00185,ZOE JÄGER,Zoe.Jaeger@Example.Com,0151/00007542,Tannenwald Gartenbau,Freiburg,2021-02-10
A-00186,Cem Horvat,Cem.Horvat2@Example.Com,0151-0000-2130,Kiefernhof Schreinerei,,2021-06-01
A-00187,I. Quast,Ida.Quast@Example.Com,+49 151 00005017,,Frankfurt,2020-06-19
A-00188,Yannik Nowak,YANNIK.NOWAK@EXAMPLE.COM,(0151) 0000 1392,Steinfeld Reinigung,Freiburg,2021-09-02
A-00189,Jürgen Neumann,jneumann@example.com,,Tannenwald Fensterbau,München,2025-10-30
A-00190,LEON SCHAEFER,leon.schaefer@example.com,0151/00004495,Morgenrot Malerbetrieb,,2021-11-04
A-00191,dennis lindner,DLINDNER@EXAMPLE.COM,+4915100000921,Silberbach Gartenbau,,2023-10-01
A-00192,Uwe Lindner,Uwe.Lindner2@Example.Com,(0151) 0000 2249,,Graz,2022-06-13
A-00193,boris lindner,boris.lindner@example.com,(0151) 0000 0932,Falkenhorst Reinigung,Bremen,2023-11-07
A-00194,LUKAS OTTO,lotto@example.com,,,,2025-10-12
A-00195,Felix Ziegler,felix.ziegler.example.com,0151-0000-0407,Seebrise Elektro,Frankfurt,2021-04-05
A-00196,Karin Jung,KARIN.JUNG@EXAMPLE.COM,(0151) 0000 4950,Tannenwald Metallbau GmbH,Essen,2024-03-30
A-00197,Nppxv  Pkljxqdf ,  nppxvpkljxqdf@example.com ,015100009293,,,2020-05-07
A-00198,Tamara Lüdke,tamara.luedke@example.com,+49 151 0000 3242,Lindenhof Fensterbau,Hannover,
A-00199,Fabian Sommer,fsommer2@example.com,+49 (0)151 0000 9145,Steinfeld Logistik KG,,2020-10-24
A-00200,,Kontakt.5261@Example.Com,(0151) 0000 8728,,,2021-09-02
A-00201,Noah Thiel,Nthiel2@Example.Com,+49 (0)151 0000 1141,Silberbach Malerbetrieb,,2021-11-06
A-00202,Sven Wolff,sven.wolff2@example.com,0151-0000-5762,Morgenrot Haustechnik GmbH,Essen,2022-04-11
A-00203,Marek Lindner,Marek.Lindner@Example.Com,0151 0000 9025,Nordlicht Gartenbau,Kassel,2024-03-26
A-00204,Ulrike Neumann,ulrike.neumann2@example.com,,Wiesengrund Heizung & Sanitär,Bremen,2024-09-30
A-00205,Philipp Lehmann,plehmann@example.com,0151 0000 2268,Nordlicht Reinigung,,2020-07-26
A-00206,Elif Krause,ekrause@example.com,+49 (0)151 0000 2719,Bergwerk Heizung & Sanitär,Ulm,2022-08-08
A-00207,yannik novak,Yannik.Novak@Example.Com,4915100006756,Bergwerk Metallbau GmbH,Freiburg,2019-01-30
A-00208,Nadine Böhm,nboehm@example.com,+49 (0)151 0000 7049,,Dresden,2021-07-31
A-00209,Stefan Kovacs,stefan.kovacs2@example.com,+4915100007613,Bergwerk Malerbetrieb,Berlin,2022-10-24
A-00210,Dummy Kontakt,test0@example.com,,,,2023-03-26
A-00211,Rita Lüdke,Rita.Luedke@Example.Com,Tel. 0151 00003116,,Dortmund,2021-11-12
A-00212,Viktor Vollmer,viktor.vollmer@example.com,0151 0000 0978,Alpenglut Reinigung,,2020-01-10
A-00213,Qtwvd Svqwq,qtwvdsvqwq@example.com,0151-0000-8180,,,2021-01-23
A-00214,ARMIN CZERNY,armin.czerny@example.com,0049 151 0000 3921,Rheinblick Haustechnik GmbH,,2022-02-16
A-00215,Anna Moser,  anna.moser@example.com ,+4915100003560,Eichenau Fensterbau,München,2019-06-08
A-00216,Elif Ibrahim,elif.ibrahim@example.com,,,Stuttgart,2024-12-25
A-00217,Stefan Richter,stefan.richter@example.com,,Morgenrot Bau GmbH,Erfurt,2022-03-08
A-00218,Ines Naumann,ines.naumann@example.org,,Rheinblick Reinigung,Leipzig,2025-03-14
A-00219,Xenia Eberle,  xenia.eberle@example.com ,+49 (0)151 0000 6549,,Freiburg,
A-00220,Rita Ostermann,Rita.Ostermann2@Example.Com,+49 151 00008792,Seebrise Gartenbau,Nürnberg,2025-03-02
A-00221,Nadine Naumann,nnaumann@example.com,Tel. 0151 00007196,Bergwerk Schreinerei,,2024-12-28
A-00222,BIRGIT IBRAHIM,BIRGIT.IBRAHIM@EXAMPLE.COM,,Morgenrot Fensterbau,Dresden,2019-11-19
A-00223,Oskar Pfeiffer,OSKAR.PFEIFFER2@EXAMPLE.COM,0151 0000 7539,,Freiburg,2023-07-10
A-00224,B. Bergmann,boris.bergmann2@example.com,0151 0000 1696,Bergwerk Elektro,Mainz,
A-00225,CEM SOMMER,,+49 151 00008057,,Berlin,
A-00226,Yannik Eberle,Yannik.Eberle@Example.Com,(0151) 0000 0758,,Frankfurt,2024-10-16
A-00227,Wiebke Nowak,wiebke.nowak@example.com,0151/00002852,Falkenhorst Fensterbau,,2023-08-31
A-00228,ULRIKE JUNG,,(0151) 0000 1420,,Frankfurt,2019-07-05
A-00229,Birgit Brandt,  bbrandt@example.com ,+49 151 0000 8230,,Graz,2022-02-04
A-00230,Marek Quast,,+49 151 0000 7455,Sonnenberg Dachdecker GmbH,Dresden,
A-00231,Olivia Frey,Ofrey2@Example.Com,,Sonnenberg Schreinerei,Hannover,2020-06-07
A-00232,Sabine Jansen,,0049 151 0000 1130,,Hamburg,2019-06-20
A-00233,VIKTOR NOVAK,vnovak@example.com,,,Köln,2020-11-24
A-00234,Clara Dahl,clara.dahl@example.com,,Silberbach Fensterbau,Berlin,2019-07-14
A-00235,Ben Otto,ben.otto@example.com,,Tannenwald Schreinerei,Essen,2023-07-13
A-00236,Marek Seidel,Marek.Seidel@Example.Com,+49 151 00009692,Steinfeld Malerbetrieb,Dortmund,2020-07-08
A-00237,Xenia  Albrecht ,,(0151) 0000 7351,,,2022-09-01
A-00238,Xenia Vogel,Xenia.Vogel@Example.Com,+4915100002442,Nordlicht Dachdecker GmbH,Frankfurt,2024-05-10
A-00239,Mara Pfeiffer,mara.pfeiffer@example.com,,Tannenwald Haustechnik GmbH,,2021-01-16
A-00240,Xenia Graf,xgraf@example.com,,,Stuttgart,2024-11-02
A-00241,Leon Lindner,Leon.Lindner@Example.Com,015100007750,,,2022-08-17
A-00242,Felix Albrecht,,015100008939,Wiesengrund Gartenbau,München,2025-08-21
A-00243,Zoë Baumgartner,,0151 0000 7103,,Frankfurt,2021-08-22
A-00244,Walter Bergmann,Walter.Bergmann@Example.Com,015100003913,Sonnenberg Gartenbau,Frankfurt,2019-07-22
A-00245,Cdfvmp  Hrbkmcvm ,,+49 (0)151 0000 5821,,,2025-06-21
A-00246,Yannik Zimmer,Yannik.Zimmer@Example.Com,+49 (0)151 0000 6181,Seebrise Metallbau GmbH,Erfurt,2020-02-05
A-00247,Rita Conrad,Rita.Conrad2@Example.Com,+49 151 00009807,Tannenwald Dachdecker GmbH,Frankfurt,2023-04-10
A-00248,Gisela Lüdke,gisela.luedke@example.com,+49 151 00001747,,Rostock,2022-09-22
A-00249,zoe roth,zoe.roth@example.com,0151 0000 6692,,Graz,2020-02-17
A-00250,Elif Yilmaz,ELIF.YILMAZ@EXAMPLE.COM,+49 151 0000 2635,Steinfeld Fensterbau,Bremen,
A-00251,Ida Lindner,ida.lindner@example.com,,,Graz,2022-09-08
A-00252,K.  Ibrahim ,katharina.ibrahim@example.com,,Morgenrot Malerbetrieb,,2024-01-01
A-00253,Boris Roth,boris.roth@example.com,+49 151 0000 4247,,Mainz,2019-03-15
A-00254,Sven Wolff,,,Seebrise Metallbau GmbH,,2020-10-04
A-00255,Leon Jung,leon.jung@example.com,+49 151 00006499,Lindenhof Bau GmbH,Hamburg,2022-05-08
A-00256,Yannik Conrad,Yannik.Conrad@Example.Com,+4915100000044,Morgenrot Dachdecker GmbH,,2023-07-07
A-00257,Jonas Dahl,  jdahl@example.com ,,Nordlicht Schreinerei,Hannover,2024-01-02
A-00258,Greta Frey,,0049 151 0000 6039,,Hannover,
A-00259,Dorothea Eberle,eberle@example,,Tannenwald Dachdecker GmbH,Nürnberg,2020-04-05
A-00260,Gqhqnveh Gvfxqlu,  gqhqnveh.gvfxqlu@example.com ,+49 151 0000 2267,,,2022-08-13
A-00261,Ida Lehmann,ida.lehmann@example.com,Tel. 0151 00003613,Nordlicht Heizung & Sanitär,Hamburg,2019-11-19
A-00262,Fabian Imhof,fabian.imhof@example.com,+4915100002547,Wiesengrund Reinigung,Ulm,2020-04-17
A-00263,Olivia Lüdke,olivia.luedke@example.com,,Rheinblick Logistik KG,Bremen,2020-05-02
A-00264,Jana Dietrich,jana.dietrich@example.com,Tel. 0151 00004051,Wiesengrund Schreinerei,Leipzig,2022-10-26
A-00265,Fabian Pfeiffer,Fabian.Pfeiffer@Example.Com,0151/00005384,Tannenwald Reinigung,Leipzig,2019-01-25
A-00266,J. Conrad,jconrad@example.com,,Wiesengrund Metallbau GmbH,Hamburg,2022-10-30
A-00267,ROSA ARNOLD,,0049 151 0000 6292,Alpenglut Gartenbau,Stuttgart,2024-01-16
A-00268,NILS DIETRICH,Ndietrich@Example.Com,,Nordlicht Metallbau GmbH,,2019-11-18
A-00269,David Winter,david.winter2@example.com,+49 151 00009527,Silberbach Gartenbau,Stuttgart,2024-06-20
A-00270,BORIS KÖHLER,boris.koehler@example.com,0049 151 0000 1147,Bergwerk Logistik KG,Erfurt,2022-09-14
A-00271,birgit conrad,Birgit.Conrad@Example.Com,4915100002609,Wiesengrund Reinigung,,2020-04-06
A-00272,qffhv xtfvpx,,+4915100008752,,,2025-10-24
A-00273,carla ziegler,cziegler@example.com,,,,2022-04-14
A-00274,l. bergmann,lea.bergmann@example.com,12345,Tannenwald Schreinerei,,2023-02-11
A-00275,gisela kaiser,GKAISER@EXAMPLE.COM,,,,2020-10-05
A-00276,Stefan Beck,stefan.beck@example.com,,,Essen,2022-10-15
A-00277,Käthe Jäger,kaethe.jaeger@example.com,Tel. 0151 00009618,Alpenglut Reinigung,Hamburg,2025-01-05
A-00278,M. Lindner,  miriam.lindner@example.com ,+49 (0)151 0000 2848,Steinfeld Haustechnik GmbH,Mainz,2023-09-26
A-00279,Jürgen Vogel,juergen.vogel2@example.com,0151/00006276,Falkenhorst Dachdecker GmbH,Rostock,2020-02-21
A-00280,Felix  Lüdke ,felix.luedke3@example.com,Tel. 0151 00004478,Alpenglut Logistik KG,Kassel,2025-07-17
A-00281,Jürgen Böhm,juergen.boehm@example.com,,Seebrise Heizung & Sanitär,,2023-08-06
A-00282,Zoë  Köhler ,zoe.koehler2@example.com,0151/00004787,Bergwerk Fensterbau,Stuttgart,2019-04-07
A-00283,Lea  Wagner ,  lea.wagner@example.com ,0151-0000-2843,,,2021-03-05
A-00284,Uwe Vollmer,Uvollmer@Example.Com,0049 151 0000 5322,Eichenau Malerbetrieb,,2024-11-26
A-00285,W. Conrad,WCONRAD@EXAMPLE.COM,0049 151 0000 1966,,,2022-05-28
A-00286,Boris Martin,Bmartin@Example.Com,,Kiefernhof Bau GmbH,,2019-10-13
A-00287,Emma  Dahl ,edahl@example.com,,Tannenwald Schreinerei,,2024-04-30
A-00288,Max Mustermann,Max.Mustermann14@Example.Com,,,,2022-05-12
A-00289,pikdjpp bnbnijs,pikdjpp.bnbnijs@example.com,(0151) 0000 6917,,,2025-04-19
A-00290,ANNA WOLFF,anna.wolff@example.org,0049 151 0000 0751,,Frankfurt,2024-12-13
A-00291,Ida Teufel,ida.teufel2@example.com,(0151) 0000 2486,Rheinblick Gartenbau,Hamburg,2020-05-18
A-00292,GRETA UNGER,Greta.Unger@Example.Com,,Alpenglut Dachdecker GmbH,,2023-04-20
A-00293,quentin fuchs,quentin.fuchs2@example.com,0151 0000 1502,,Köln,2023-08-03
A-00294,katharina kovacs,katharina.kovacs@example.com,,Nordlicht Heizung & Sanitär,,2024-12-09
A-00295,Karin Otto,Kotto@Example.Com,+4915100000445,,Ulm,2024-07-31
A-00296,ZOË DIETRICH,zoe.dietrich@example.com,Tel. 0151 00003363,Kiefernhof Schreinerei,Köln,2023-12-27
A-00297,Dennis Dietrich,  dennis.dietrich@example.org ,015100006925,Eichenau Heizung & Sanitär,Dortmund,2021-03-07
A-00298,Noah Martin,noah.martin2@example.com,+49 151 0000 1376,,,2021-09-22
A-00299,Jana Böhm,jana.boehm@example.com,0151 0000 6819,Sonnenberg Logistik KG,Frankfurt,2019-11-09
A-00300,Leon Voigt,leon.voigt@example.com,015100008043,,,2019-05-19
A-00301,Greta Müller,greta.mueller@example.com,Tel. 0151 00005092,Nordlicht Gartenbau,Leipzig,2019-07-22
A-00302,Karin Lang,  karin.lang@example.com ,(0151) 0000 7179,,,2022-06-12
A-00303,R. Reimann,  rita.reimann@example.com ,0049 151 0000 2474,Rheinblick Metallbau GmbH,Dresden,2021-01-26
A-00304,Birgit Köhler,BIRGIT.KOEHLER@EXAMPLE.COM,0151/00001443,Alpenglut Gartenbau,Berlin,
A-00305,Oskar Albrecht,oskar.albrecht@example.com,(0151) 0000 7652,Steinfeld Malerbetrieb,Ulm,2019-12-20
A-00306,Uwe  Engel ,  uwe.engel@example.com ,,Silberbach Fensterbau,Berlin,2020-07-27
A-00307,Käthe Beck,kaethe.beck@example.com,015100006869,Steinfeld Logistik KG,Hannover,2019-05-21
A-00308,O. Voigt,Ottilie.Voigt@Example.Com,+4915100009448,Nordlicht Heizung & Sanitär,Dresden,2020-01-17
A-00309,Elif Köhler,ELIF.KOEHLER@EXAMPLE.COM,015100003290,,Mainz,2025-10-19
A-00310,Karin Graf,karin.graf@example.com,+49 (0)151 0000 1128,Morgenrot Schreinerei,München,2024-05-06
A-00311,Jana Ibrahim,jana.ibrahim@example.com,+49 151 0000 1316,Alpenglut Fensterbau,,2020-12-27
A-00312,B. Hartmann,boris.hartmann@example.com,Tel. 0151 00003869,Lindenhof Heizung & Sanitär,Erfurt,2024-05-22
A-00313,Lukas Hartmann,,+49 (0)151 0000 9649,Wiesengrund Fensterbau,Frankfurt,2019-05-11
A-00314,Armin Ott,aott@example.com,,,,2021-09-12
A-00315,Ida  Jung ,ida.jung@example.com,015100006044,Alpenglut Logistik KG,Erfurt,2022-05-13
A-00316,Jonas Conrad,Jonas.Conrad@Example.Com,+49 151 0000 2145,Wiesengrund Metallbau GmbH,Hamburg,2025-09-17
A-00317,Asdfg  Qwert ,  kontakt.9174@example.com ,+4915100003924,,,2022-01-12
A-00318,test test,test.test16@example.com,,,,2021-05-23
A-00319,Ida Keller,,+49 (0)151 0000 6940,Seebrise Haustechnik GmbH,Berlin,2020-11-24
A-00320,Dummy Kontakt,  test53@example.com ,+4915100009655,,,2023-04-30
A-00321,Carla Nowak,n/a,(0151) 0000 2418,Seebrise Schreinerei,Hannover,2024-03-19
A-00322,Philipp Otto,philipp.otto@example.com,(0151) 0000 3034,Morgenrot Gartenbau,Stuttgart,2020-08-27
A-00323,JÜRGEN JUNG,,,,München,2020-08-23
A-00324,T. Naumann,  tnaumann@example.com ,,Wiesengrund Schreinerei,,2020-08-17
A-00325,Felix Horvat,Felix.Horvat@Example.Com,0151-0000-4023,,Stuttgart,2024-01-15
A-00326,Viktor Novak,vnovak@example.com,0151/00008424,,Köln,2022-06-26
A-00327,zoe arnold,  zoe.arnold@example.com ,015100007156,,Bremen,2025-09-24
A-00328,Vera  Wagner ,vera.wagner@example.com,+49 151 0000 4233,Tannenwald Elektro,Stuttgart,2020-03-14
A-00329,elif hartmann,,Tel. 0151 00004378,Nordlicht Haustechnik GmbH,Hamburg,2019-06-11
A-00330,Ben Jung,ben.jung@example.com,+49 (0)151 0000 5530,,,2023-01-22
A-00331,Nils Lorenz,nils.lorenz@example.com,+49 151 00006625,Eichenau Bau GmbH,,2022-11-14
A-00332,Noah  Thiel ,noah.thiel@example.com,Tel. 0151 00000360,Bergwerk Dachdecker GmbH,,2021-06-13
A-00333,Jana Imhof,Jana.Imhof@Example.Com,015100006627,,Bremen,2025-08-10
A-00334,Alina Wagner,alina.wagner@example.com,+49 (0)151 0000 5139,Alpenglut Schreinerei,Hamburg,2022-08-11
A-00335,TEST TEST,Test47@Example.Com,,,,2021-07-12
A-00336,U. Lindner,ulrike.lindner@example.com,0151-0000-6512,Sonnenberg Malerbetrieb,,2019-07-30
A-00337,Birgit Kovacs,  birgit.kovacs@example.com ,0151-0000-9254,,Kassel,2020-12-18
A-00338,OSKAR WINTER,oskar.winter@example.com,,,Nürnberg,2025-01-03
A-00339,,kontakt.5493@example.com,+4915100002104,,,2025-10-26
A-00340,ulrike schaefer,ulrike.schaefer@example.com,+49 151 0000 1014,Tannenwald Gartenbau,,2024-10-28
A-00341,Yannik Haas,yannik.haas@example.com,0049 151 0000 9524,Steinfeld Haustechnik GmbH,Frankfurt,2024-05-06
A-00342,Clara Kaiser,Clara.Kaiser@@Example.Com,0049 151 0000 9754,Bergwerk Haustechnik GmbH,Köln,2022-07-11
A-00343,Birgit Czerny,birgit.czerny@example.com,,Lindenhof Elektro,,2023-07-09
A-00344,Ines Lüdke,ines.luedke@example.com,0151,Tannenwald Malerbetrieb,Bremen,2021-04-14
A-00345,Carla Ibrahim,CARLA.IBRAHIM@EXAMPLE.COM,(0151) 0000 3165,Morgenrot Metallbau GmbH,Dortmund,2020-12-13
A-00346,Theresa Quast,  zppjnrck@example.com ,0049 151 0000 5311,Tannenwald Logistik KG,Ulm,2025-08-07
A-00347,FABIAN SOMMER,Fabian.Sommer@Example.Com,015100001900,,Bremen,
A-00348,XENIA OSTERMANN,xenia.ostermann@example.com,0151/00004704,,Köln,2024-04-20
A-00349,oskar pfeiffer,,+4915100008620,Tannenwald Heizung & Sanitär,,2023-09-24
A-00350,jana brandt,,+49 151 00009140,Eichenau Schreinerei,,
A-00351,Jonas Neumann,jonas.neumann@example.com,(0151) 0000 7745,,Hannover,2025-06-15
A-00352,Timo Gebhardt,Timo.Gebhardt@Example.Com,+49 151 0000 4194,Bergwerk Fensterbau,Dortmund,2023-02-16
A-00353,Zoe Engel,zoe.engel@example.com,Tel. 0151 00007530,Morgenrot Heizung & Sanitär,Stuttgart,2024-05-03
A-00354,Q.  Fuchs ,  quentin.fuchs@example.com ,015100002871,,,2021-05-26
A-00355,l. maurer,lea.maurer@example.com,0151-0000-1887,,Kassel,2020-08-24
A-00356,ULRIKE SEIDEL,ulrike.seidel@example.org,+49 151 00004553,Seebrise Metallbau GmbH,,
A-00357,Armin Ott,armin.ott@example.com,+49 (0)151 0000 0091,,Berlin,2025-04-13
A-00358,MARA NOVAK,mara.novak@example.com,0151-0000-8884,,,2023-09-04
A-00359,Boris Boris,BORIS.BORIS@EXAMPLE.COM,4915100005574,,,2023-08-08
A-00360,Käthe Ott,Kaethe.Ott2@Example.Com,015100002580,Bergwerk Logistik KG,,2019-10-27
A-00361,Xenia Maurer,xenia.maurer@example.com,0049 151 0000 7044,,Rostock,2019-01-14
A-00362,Rosa Böhm,rosa.boehm@example.com,0151-0000-7974,,München,2021-01-18
A-00363,IGJNXCZQ TJCJEBRL,igjnxczq.tjcjebrl@example.com,+49 (0)151 0000 8831,,,2019-10-11
A-00364,TEST TEST,Test.Test29@Example.Com,,,,2020-11-16
A-00365,QUENTIN YILMAZ 9,quentin.yilmaz@example.com,,Seebrise Malerbetrieb,Bremen,2025-09-06
A-00366,dennis neumann,Dennis.Neumann@Example.Com,015100006694,Steinfeld Metallbau GmbH,,2020-10-04
A-00367,Dorothea Engel,,+49 (0)151 0000 6087,Seebrise Elektro,Dresden,2025-12-03
A-00368,Wiebke Frey,Wiebke.Frey@Example.Com,,Sonnenberg Haustechnik GmbH,,2023-04-17
A-00369,xenia seidel,xenia.seidel.example.com,015100004134,Bergwerk Malerbetrieb,Freiburg,2021-10-25
A-00370,n. ostermann,,0151 0000 6513,Alpenglut Haustechnik GmbH,Berlin,2021-02-04
A-00371,Vera Neumann,vera.neumann@example.com,n/a,Bergwerk Logistik KG,,2021-07-02
A-00372,Gisela Jäger,gisela.jaeger@example.com,0151/00004674,Lindenhof Elektro,,2024-06-10
A-00373,Jürgen Müller,juergen.mueller@example.com,+49 151 0000 0421,Sonnenberg Reinigung,,2019-07-21
A-00374,Sabine Kaiser,sabine.kaiser@example.com,4915100002974,,Berlin,2024-11-11
A-00375,Sabine Schaefer,SABINE.SCHAEFER@EXAMPLE.ORG,0049 151 0000 1675,Wiesengrund Gartenbau,Rostock,2021-08-09
A-00376,Uwe Frey,uwe.frey@example.com,,Steinfeld Fensterbau,Freiburg,2021-10-20
A-00377,Boris  Bergmann ,Boris.Bergmann@Example.Com,+49 151 00004721,,Frankfurt,2023-09-29
A-00378,Karin Peters,  karin.peters@example.com ,015100006771,Nordlicht Gartenbau,Hamburg,2019-05-03
A-00379,Xenia  Gebhardt ,Xenia.Gebhardt@Example.Org,0049 151 0000 3528,Nordlicht Dachdecker GmbH,Hamburg,2019-09-16
A-00380,Lea Böhm,Lea.Boehm@Example.Com,+49 151 0000 9432,,,2019-01-27
A-00381,Xenia Vollmer,xenia.vollmer@example,0151/00000994,,Stuttgart,2023-11-13
A-00382,W. Otto,Walter.Otto@Example.Com,,Falkenhorst Heizung & Sanitär,,2022-09-11
A-00383,Katharina Krause,,+49 (0)151 0000 2705,Eichenau Haustechnik GmbH,Stuttgart,2023-01-27
A-00384,Quentin Peters,quentin.peters@example.com,,Eichenau Fensterbau,München,2021-09-20
A-00385,Anna  Lüdke ,,+49 (0)151 0000 7254,,Nürnberg,2022-01-14
A-00386,Paul Naumann,Lwjtpksm@Example.Com,015100000320,Tannenwald Schreinerei,München,2025-03-08
A-00387,Stefan Pfeiffer,,+49 (0)151 0000 7306,,,2022-11-17
A-00388,Jonas Winter,jonas.winter2@example.com,,,,2019-04-10
A-00389,Jfhz Bwsnf,Jfhzbwsnf@Example.Com,+49 151 0000 6066,,,2020-10-22
A-00390,Armin Quast,,0151 0000 0654,Morgenrot Haustechnik GmbH,Essen,2022-09-18
A-00391,Viktor Peters,VIKTOR.PETERS@EXAMPLE.COM,+49 151 0000 4701,,Kassel,2021-08-19
A-00392,Erika Mustermann,erika.mustermann52@example.com,+49 (0)151 0000 7360,,,2025-03-14
A-00393,Clara Köhler,clara.koehler@example.com,0151 0000 7680,Steinfeld Elektro,,2022-03-14
A-00394,Felix Marx,felix.marx@example.com,+49 (0)151 0000 9069,Seebrise Heizung & Sanitär,,2020-10-13
A-00395,jonas ibrahim,jibrahim@example.com,0049 151 0000 4807,,,2025-06-12
A-00396,Sztc Bzsnmp,SZTCBZSNMP@EXAMPLE.COM,015100003599,,,2021-02-01
A-00397,sabine frey,sfrey@example.com,,Seebrise Dachdecker GmbH,,2021-02-15
A-00398,Alina  Novak ,alina.novak2@example.com,0151 0000 5633,Bergwerk Bau GmbH,Dortmund,2023-01-21
A-00399,Käthe Ostermann,Kaethe.Ostermann@Example.Com,Tel. 0151 00005814,Alpenglut Logistik KG,Bremen,2023-01-14
A-00400,jana brandt,JANA.BRANDT@EXAMPLE.COM,+4915100009140,Eichenau Schreinerei,Kassel,2022-11-15
A-00401,T. Beck,theresa.beck@example.com,,Steinfeld Dachdecker GmbH,Hannover,2024-08-13
A-00402,Ottilie Albrecht,ottilie.albrecht@example.org,+49 (0)151 0000 4334,Morgenrot Haustechnik GmbH,,2021-04-16
A-00403,Lukas  Zimmer ,LZIMMER@EXAMPLE.COM,+49 151 00009827,Falkenhorst Schreinerei,,2024-08-19
A-00404,Leon Ostermann,lostermann@example.com,015100006042,,,2025-07-18
A-00405,ALINA EBERLE,alina.eberle@example.com,0151/00001959,Morgenrot Gartenbau,Hamburg,2022-12-30
A-00406,Yannik  Marx ,cdspzbhn@example.com,0049 151 0000 3259,,Hannover,2024-01-16
A-00407,Rita Hartmann,cpdrzzdwtg@example.com,+49 151 0000 0010,Rheinblick Fensterbau,,2019-06-20
A-00408,Sven Baumgartner,sbaumgartner@example.com,Tel. 0151 00002431,,,2019-02-24
A-00409,Karin  Ziegler ,Karin.Ziegler@Example.Com,tel folgt,,Ulm,2019-06-28
A-00410,Björn Teufel,bjoern.teufel@example.com,(0151) 0000 4119,,Dresden,2023-10-31
A-00411,Gisela Kaiser,,0151-0000-8951,Tannenwald Bau GmbH,Graz,2025-04-23
A-00412,Hannes Vogel,HVOGEL@EXAMPLE.COM,+4915100008118,Rheinblick Schreinerei,,2020-06-23
A-00413,Dennis Vogel,,015100002435,,,2023-09-11
A-00414,RITA MARX,rmarx2@example.com,(0151) 0000 8096,Eichenau Schreinerei,,2025-07-17
A-00415,Stefan Wolff,stefan.wolff@example.com,Tel. 0151 00001396,Bergwerk Fensterbau,,2020-06-26
A-00416,Jürgen Maurer,juergen.maurer@example.com,,Steinfeld Malerbetrieb,,2023-11-20
A-00417,Vera Baumgartner,,Tel. 0151 00001888,,,2020-03-29
A-00418,Rita  Haas ,Rita.Haas@Example.Org,,,Dresden,2022-08-10
A-00419,Viktor Lüdke,,0151 0000 2003,,,2025-03-27
A-00420,Zoë Seidel,n/a,+49 151 0000 9641,,Mainz,2023-01-12
A-00421,Zoe  Richter ,Zoe.Richter@Example.Com,,,Graz,2019-09-26
A-00422,Theresa Neumann,,keine,Rheinblick Schreinerei,,2021-09-30
A-00423,Wiebke Eberle,weberle@example.com,0151 0000 8851,Kiefernhof Heizung & Sanitär,,2020-08-25
A-00424,MAREK IMHOF,Mimhof@Example.Com,,,,2024-03-25
A-00425,Dorothea Winter,dorothea.winter@example.com,+49 151 0000 6063,Rheinblick Heizung & Sanitär,,2021-01-12
A-00426,Jakob Fuchs,JFUCHS@EXAMPLE.COM,Tel. 0151 00003991,,Frankfurt,2021-09-20
A-00427,Fabian Dahl,fabian.dahl@example.com,n/a,Wiesengrund Reinigung,Dresden,2023-02-10
A-00428,BJÖRN LÜDKE,bjoern.luedke@example.com,+49 151 00007614,,Essen,2019-08-30
A-00429,Elif Neumann,  eneumann@example.com ,,Steinfeld Schreinerei,,2020-01-19
A-00430,LEON KELLER,  leon.keller@example.com ,0151/00001883,Bergwerk Heizung & Sanitär,Hannover,2021-08-25
A-00431,Dlfwf Rdndpnlg,,0151 0000 2804,,,2019-02-10
A-00432,Rosa Schröder,rosa.schroeder2@example.com,(0151) 0000 1382,Alpenglut Heizung & Sanitär,,2024-03-25
A-00433,Nils Vogel,nils.vogel@example.com,,Lindenhof Fensterbau,,2024-08-16
A-00434,Theresa  Theresa ,  theresa.theresa@example.com ,+4915100004372,,,2023-01-04
A-00435,C. Müller,cem.mueller@example.com,,,,2021-04-28
A-00436,Walter Albrecht 9,walter.albrecht@example.com,,Alpenglut Malerbetrieb,,2025-04-15
A-00437,MAX MUSTERMANN,  max.mustermann5@example.com ,,,,
A-00438,Wiebke Quast,wiebke.quast@example.com,Tel. 0151 00001613,Tannenwald Reinigung,Hannover,2022-01-22
A-00439,Dennis Lorenz,dennis.lorenz@example.com,0151 0000 8116,Lindenhof Gartenbau,Hamburg,2019-06-02
A-00440,Ida Ziegler,ida.ziegler@example.com,,Sonnenberg Elektro,München,2025-01-19
A-00441,Käthe Fuchs,  kaethe.fuchs@example.com ,(0151) 0000 7556,Nordlicht Heizung & Sanitär,Graz,2022-03-01
A-00442,TEST KUNDE,  test15@example.com ,,,,2024-07-24
A-00443,Karin  Albrecht ,  karin.albrecht@example.com ,,Steinfeld Heizung & Sanitär,,2023-03-10
A-00444,Heiko Haas,,(0151) 0000 8314,Steinfeld Fensterbau,Leipzig,2022-01-19
A-00445,Zoë Dahl,,0151/00002144,,Bremen,2025-12-07
A-00446,Clara Novak,clara.novak@example.com,+49 151 00004335,Steinfeld Fensterbau,,2021-10-31
A-00447,Jürgen Neumann,jneumann2@example.com,,,Bremen,2022-11-07
A-00448,BEN KOVACS,Bkovacs@Example.Com,,,,2025-10-06
A-00449,Vera Richter,Vrichter@Example.Com,Tel. 0151 00006119,,,2020-02-18
A-00450,Jonas Brandt,jonas.brandt@example.com,+49 (0)151 0000 8787,,München,2025-03-24
A-00451,ANNA MARX,ANNA.MARX@EXAMPLE.COM,0151-0000-1119,Morgenrot Dachdecker GmbH,Rostock,2023-03-09
A-00452,Boris Naumann,boris.naumann2@example.com,,Rheinblick Bau GmbH,,2023-08-15
A-00453,Marek Imhof,marek.imhof@example.com,015100000920,,,2025-09-21
A-00454,Stefan Kaiser,stefan.kaiser@example.com,+49 (0)151 0000 8835,Lindenhof Malerbetrieb,Stuttgart,2023-03-01
A-00455,Lrvkmd Rndddk,,+49 151 0000 7574,,,2019-08-24
A-00456,JÜRGEN IBRAHIM,juergen.ibrahim@example.com,+49 (0)151 0000 5097,,Hannover,2023-06-30
A-00457,Mhbwqnr Pqqdvmm,,+49 151 0000 1655,,,2025-02-22
A-00458,Katharina Wagner,Katharina.Wagner@Example.Com,,Nordlicht Dachdecker GmbH,Dortmund,2019-10-20
A-00459,Dftv Bxxxt,DFTVBXXXT@EXAMPLE.COM,0049 151 0000 5978,,,2025-08-25
A-00460,Dorothea Martin,Dorothea.Martin2@Example.Com,0151,,Graz,2023-10-22
A-00461,Armin Wagner,armin.wagner@example.com,015100001817,Falkenhorst Dachdecker GmbH,Freiburg,2019-06-18
A-00462,h. teufel,Hannes.Teufel@Example.Com,,Wiesengrund Fensterbau,Bremen,2020-09-12
A-00463,Oskar Teufel,OSKAR.TEUFEL@EXAMPLE.COM,0049 151 0000 8819,Sonnenberg Bau GmbH,Essen,2022-09-04
A-00464,T. UNGER,  tunger@example.com ,0049 151 0000 4838,Tannenwald Bau GmbH,,2022-03-10
A-00465,MAREK MOSER,Marek.Moser@Example.Com,0049 151 0000 6597,Eichenau Logistik KG,Hannover,2020-04-17
A-00466,Anna  Ulrich ,anna.ulrich@example.com,+49 (0)151 0000 1791,Silberbach Malerbetrieb,Köln,2021-02-01
A-00467,leon krause,  lkrause@example.com ,,,,2020-03-30
A-00468,Armin Zimmer,armin.zimmer@example.com,+4915100006249,Morgenrot Schreinerei,,2020-07-13
A-00469,Nadine  Martin ,Nadine.Martin@Example.Com,keine,Bergwerk Schreinerei,,2024-09-04
A-00470,L. Reimann,Lreimann@Example.Com,0049 151 0000 7778,,Stuttgart,2019-05-30
A-00471,Gqkcfkq Mzhqdsq,gqkcfkqmzhqdsq@example.com,+49 151 00007429,,,2023-02-13
A-00472,Rita Böhm,rita.boehm2@example.com,0049 151 0000 4060,Eichenau Haustechnik GmbH,Ulm,2025-10-31
A-00473,Viktor Seidel,viktor.seidel@example.org,+4915100005636,,Hannover,2019-06-12
A-00474,Björn Ulrich,bjoern.ulrich@example.org,+4915100001292,Bergwerk Haustechnik GmbH,Dortmund,2019-11-26
A-00475,WIEBKE LORENZ,  wiebke.lorenz@example.com ,+49 (0)151 0000 9053,Bergwerk Malerbetrieb,Graz,2024-05-21
A-00476,Leon Peters,leon.peters2@example.com,0151 0000 3395,Nordlicht Logistik KG,Stuttgart,2019-07-20
A-00477,boris köhler,  boris.koehler@example.com ,,Bergwerk Logistik KG,Erfurt,2021-03-15
A-00478,Uwe Wolff,uwe.wolff@example.com,+49 (0)151 0000 9225,Wiesengrund Metallbau GmbH,Stuttgart,2023-07-02
A-00479,Elif Peters,elif.peters@example.com,0151/00000126,,Freiburg,2019-01-01
A-00480,ben conrad,ben.conrad@example.com,015100006562,Tannenwald Heizung & Sanitär,Bremen,2025-10-04
A-00481,zoë vogel,,Tel. 0151 00007369,Alpenglut Gartenbau,Dresden,2022-02-20
A-00482,Xenia Müller,xenia.mueller@example.com,0151 0000 0133,Morgenrot Dachdecker GmbH,Erfurt,2019-06-13
A-00483,Dorothea Schröder,dorothea.schroeder@example.com,,,Kassel,2024-08-22
A-00484,elif jansen,ELIF.JANSEN@EXAMPLE.COM,(0151) 0000 5414,Eichenau Reinigung,Hamburg,2025-10-16
A-00485,Elif Marx,  elif.marx2@example.com ,(0151) 0000 3987,,,2019-02-23
A-00486,Jakob Schaefer,  jschaefer@example.com ,0151-0000-6866,Silberbach Schreinerei,Nürnberg,2019-11-02
A-00487,Xenia Graf,xgraf2@example.com,,Seebrise Elektro,Dortmund,2024-11-23
A-00488,Fabian Baumgartner,  fabian.baumgartner@example.com ,,Sonnenberg Fensterbau,Nürnberg,2022-05-04
A-00489,jkswqfja srqbipkv,jkswqfja.srqbipkv@example.com,4915100005931,,,2021-12-19
A-00490,Emma Jäger,emma.jaeger@example.com,+4915100009273,,Kassel,2023-01-07
A-00491,Zoë  Jäger ,zoe.jaeger2@example.com,+4915100004398,Seebrise Elektro,Nürnberg,n/a
A-00492,Vera Lorenz,VERA.LORENZ@EXAMPLE.COM,0049 151 0000 7180,Tannenwald Fensterbau,Dortmund,2021-01-25
A-00493,I. Graf,ines.graf@example.com,+4915100001892,,Freiburg,2024-02-16
A-00494,Dorothea Gebhardt,DOROTHEA.GEBHARDT@EXAMPLE.COM,Tel. 0151 00009380,,Erfurt,2024-07-12
A-00495,elif lüdke,,+49 151 00008997,,Hamburg,2020-09-01
A-00496,Marek Unger,marek.unger@example.com,+4915100001337,Steinfeld Logistik KG,,2025-11-05
A-00497,anna böhm,ABOEHM@EXAMPLE.COM,+49 (0)151 0000 8033,,,2024-06-04
A-00498,Anna Ott,ANNA.OTT@EXAMPLE.COM,+49 151 00001342,Nordlicht Haustechnik GmbH,Mainz,2025-03-18
A-00499,Rita Ibrahim,,(0151) 0000 0167,Tannenwald Metallbau GmbH,,2021-05-28
A-00500,Miriam Thiel,Mthiel@Example.Com,015100003631,Lindenhof Schreinerei,,2024-05-06
A-00501,MIRIAM ARNOLD,miriam.arnold@example.com,4915100006972,,Essen,2020-11-22
A-00502,Marek Kovacs,marek.kovacs2@example.com,+4915100009563,Bergwerk Gartenbau,,2020-10-25
A-00503,Anna Böhm,Aboehm@Example.Com,,,,2020-04-19
A-00504,M. Keller,miriam.keller@example.com,+49 151 00009663,Kiefernhof Bau GmbH,Bremen,2023-03-26
A-00505,David Köhler,David.Koehler@Example.Com,+49 151 00005754,,Hannover,2024-05-21
A-00506,ben dietrich,BEN.DIETRICH@EXAMPLE.COM,4915100003586,Alpenglut Reinigung,,2025-01-16
A-00507,lukas dahl,lukas.dahl2@example.com,0151/00009491,Nordlicht Bau GmbH,Ulm,2023-06-20
A-00508,Viktor Otto,viktor.otto@example.com,+49 151 0000 8693,Sonnenberg Bau GmbH,Berlin,
A-00509,prjugqv cslpfceq,PRJUGQV.CSLPFCEQ@EXAMPLE.COM,015100009065,,,2023-07-08
A-00510,Walter  Peters ,,+49 151 00003120,,München,2025-04-04
A-00511,Theresa Haas,thaas@example.com,0151 0000 9017,,,2020-02-19
A-00512,Jürgen Engel,,12345,Rheinblick Fensterbau,Erfurt,2022-06-18
A-00513,J. Albrecht,  jalbrecht@example.com ,,,,2024-02-15
A-00514,birgit conrad,Bconrad@Example.Com,0151 0000 2609,,,2025-07-02
A-00515,ZOE NAUMANN,zoe.naumann2@example.com,+4915100001053,Seebrise Haustechnik GmbH,Nürnberg,2024-04-10
A-00516,Xenia Eberle,,015100006549,,Freiburg,2020-06-05
A-00517,Käthe Köhler,kaethe.koehler2@example.com,0049 151 0000 7570,Kiefernhof Gartenbau,Köln,2024-08-15
A-00518,Lea Ott,,+4915100001125,Lindenhof Schreinerei,,2022-01-09
A-00519,Oskar  Haas ,,0049 151 0000 2160,Bergwerk Reinigung,Nürnberg,2019-08-28
A-00520,Noah Ulrich,noah.ulrich@example.com,015100007701,Bergwerk Gartenbau,,2020-08-14
A-00521,SVEN SCHAEFER 5,sven.schaefer@example.com,,,Leipzig,2025-03-20
A-00522,Lintkdlm Ejddtcj,Lintkdlm.Ejddtcj@Example.Com,0151/00007669,,,2023-04-27
A-00523,NADINE LORENZ,nadine.lorenz@example.com,015100008432,Bergwerk Reinigung,Dresden,2025-07-11
A-00524,Greta Lüdke,luedke at example.com,,,München,2020-10-30
A-00525,Rosa Marx,rosa.marx@example.com,0151/00002886,,Rostock,2025-08-08
A-00526,Uwe  Hartmann ,UWE.HARTMANN@EXAMPLE.COM,+4915100001214,Steinfeld Malerbetrieb,,2022-10-17
A-00527,Karin Bergmann,  karin.bergmann@example.com ,+49 151 00001403,Tannenwald Fensterbau,Rostock,2021-09-16
A-00528,CLARA BÖHM,  clara.boehm@example.com ,+49 151 0000 6548,Seebrise Dachdecker GmbH,Stuttgart,2020-11-11
A-00529,Fabian Ott,fott@example.com,,Morgenrot Malerbetrieb,,2021-07-15
A-00530,Boris Lang,boris.lang@example.com,,Steinfeld Metallbau GmbH,Dortmund,2024-03-16
A-00531,Dorothea Marx,-,12345,Seebrise Gartenbau,Frankfurt,2023-10-06
A-00532,F. Pfeiffer,felix.pfeiffer@example.com,0151 0000 1990,Eichenau Fensterbau,Leipzig,2021-08-14
A-00533,Oskar Albrecht,,0151-0000-1331,Tannenwald Elektro,Mainz,2023-06-24
A-00534,Quentin Krause,quentin.krause2@example.com,0151/00002168,Falkenhorst Malerbetrieb,,2021-01-04
A-00535,N. Graf,nadine.graf@example.com,Tel. 0151 00002117,,Berlin,2019-12-27
A-00536,Rosa Novak,rosa.novak@example.com,+49 (0)151 0000 4953,Morgenrot Metallbau GmbH,Dresden,2020-05-14
A-00537,Elif Jung,Elif.Jung@Example.Com,+4915100000334,Tannenwald Heizung & Sanitär,Leipzig,2021-11-28
A-00538,Tcvrcmf Plprkn,,015100001085,,,2019-01-03
A-00539,WIEBKE HORVAT,wiebke.horvat@example.com,,Silberbach Gartenbau,,2022-03-18
A-00540,Uwe Ziegler,uwe.ziegler@example.com,+4915100009929,Lindenhof Dachdecker GmbH,Köln,2020-07-15
A-00541,Jonas Ibrahim,jonas.ibrahim2@example.com,+49 (0)151 0000 4807,,Dresden,2021-06-10
A-00542,Käthe Seidel,KAETHE.SEIDEL@EXAMPLE.COM,,Nordlicht Dachdecker GmbH,Erfurt,2024-12-09
A-00543,Ines Quast,iquast@example.com,+49 151 0000 4103,,,2024-12-15
A-00544,Hannes Eberle,Hannes.Eberle@Example.Com,Tel. 0151 00005297,Steinfeld Dachdecker GmbH,Freiburg,2021-03-27
A-00545,Ben  Ibrahim ,ben.ibrahim@example.com,0151/00002507,Tannenwald Schreinerei,Köln,2025-04-05
A-00546,Mara  Sommer ,mara.sommer@example.org,,,,2019-05-11
A-00547,Jana Nowak,jana.nowak@example.com,015100004466,Sonnenberg Reinigung,Ulm,2024-01-04
A-00548,Nils Köhler,,+4915100006884,Rheinblick Heizung & Sanitär,Essen,2023-07-04
A-00549,Anna Krause,anna.krause@example.com,,Steinfeld Heizung & Sanitär,Graz,2025-06-30
A-00550,Lea Neumann,lea.neumann@example.com,+49 (0)151 0000 5935,Rheinblick Heizung & Sanitär,Kassel,2020-12-07
A-00551,Hannes Graf,hannes.graf@example.com,0049 151 0000 8200,Steinfeld Malerbetrieb,Erfurt,2020-11-01
A-00552,Gisela Köhler,gisela.koehler@example.com,,Nordlicht Logistik KG,Graz,2022-06-28
A-00553,Wiebke Böhm,WIEBKE.BOEHM2@EXAMPLE.COM,,Alpenglut Gartenbau,München,2025-10-27
A-00554,S. Krause,sven.krause@example.com,+49 151 00009144,Silberbach Logistik KG,,2022-11-06
A-00555,Ulrike  Arnold ,ulrike.arnold@example.com,Tel. 0151 00008290,Lindenhof Gartenbau,Rostock,2022-06-05
A-00556,Dennis Lehmann,DENNIS.LEHMANN@EXAMPLE.COM,,Wiesengrund Dachdecker GmbH,Frankfurt,2025-09-25
A-00557,Fabian Roth,Froth@Example.Com,0151 0000 3728,,,2021-06-06
A-00558,Jürgen Albrecht,Juergen.Albrecht@Example.Com,Tel. 0151 00009870,Tannenwald Reinigung,Stuttgart,2023-09-30
A-00559,Oskar Graf,oskar.graf@example.com,0151/00007173,Rheinblick Schreinerei,Ulm,2025-10-28
A-00560,Ben Schröder,Ben.Schroeder@Example.Com,0151-0000-4939,Rheinblick Metallbau GmbH,Dresden,2022-03-16
A-00561,David Martin,david.martin@example.com,(0151) 0000 8562,Nordlicht Heizung & Sanitär,,2022-12-24
A-00562,Lukas Lehmann,  lukas.lehmann@example.com ,0151/00008319,,,2022-01-05
A-00563,birgit zimmer,,Tel. 0151 00006247,Rheinblick Elektro,Dresden,2023-12-22
A-00564,Oskar Teufel,Oskar.Teufel2@Example.Com,+49 (0)151 0000 8544,Wiesengrund Heizung & Sanitär,Mainz,
A-00565,FDHFQRIJ INNZTJT,fdhfqrij.innztjt@example.com,0151-0000-9198,,,2025-02-10
A-00566,wiebke engel,wiebke.engel@example.com,0151/00006233,,Mainz,2019-08-01
A-00567,ULRIKE GRAF,ULRIKE.GRAF@EXAMPLE.COM,0151/00000635,Rheinblick Fensterbau,Kassel,2025-01-23
A-00568,Test Kunde,test54@example.com,,,,2023-02-18
A-00569,Emma Thiel,n/a,keine,Steinfeld Reinigung,Rostock,2023-08-29
A-00570,JAKOB NAUMANN,jakob.naumann@example.com,(0151) 0000 8809,,Dortmund,2023-07-16
A-00571,Jürgen Schröder,Juergen.Schroeder@Example.Com,(0151) 0000 3789,Sonnenberg Haustechnik GmbH,,2022-07-10
A-00572,Käthe Lang,kaethe.lang@example.com,Tel. 0151 00009160,Nordlicht Fensterbau,München,2022-12-16
A-00573,Anna Wagner,anna.wagner@example.com,0151 123,Wiesengrund Malerbetrieb,Freiburg,2024-11-02
A-00574,Greta Zimmer,greta.zimmer@example.com,Tel. 0151 00001748,Lindenhof Malerbetrieb,Dresden,2025-10-08
A-00575,KATHARINA MARX,katharina.marx@example.com,+49 151 0000 6485,Kiefernhof Gartenbau,,2025-07-27
A-00576,Noah Keller,,+4915100002781,Sonnenberg Metallbau GmbH,,2022-05-02
A-00577,Björn  Martin ,BJOERN.MARTIN@EXAMPLE.COM,0151-0000-3900,Rheinblick Elektro,Kassel,2020-09-08
A-00578,Max Mustermann,Test34@Example.Com,+49 151 0000 3812,,,2022-04-23
A-00579,YANNIK WINTER,  yannik.winter@example.com ,0151/00000047,,Dortmund,2021-09-06
A-00580,Lukas Novak,,0151-0000-7238,Lindenhof Reinigung,Berlin,2022-04-24
A-00581,Anna Ibrahim,anna.ibrahim@example.com,+49 151 0000 1558,Tannenwald Heizung & Sanitär,Hannover,2022-11-12
A-00582,Xenia  Albrecht ,Xenia.Albrecht@Example.Com,015100007351,Silberbach Haustechnik GmbH,Dortmund,2021-09-21
A-00583,sabine beck,Beck@@Example.Com,,Wiesengrund Heizung & Sanitär,Dortmund,2020-03-20
A-00584,QUENTIN TEUFEL,,0049 151 0000 2939,,,2021-04-22
A-00585,Rahmxfgs Bshlbut,rahmxfgs.bshlbut@example.com,0151 0000 4120,,,2021-12-23
A-00586,KÄTHE JANSEN,KAETHE.JANSEN@EXAMPLE.COM,0151 123,Steinfeld Dachdecker GmbH,Leipzig,2024-07-20
A-00587,Test Kunde,TEST.KUNDE7@EXAMPLE.COM,+49 (0)151 0000 4013,,,2022-12-26
A-00588,noah neumann,noah.neumann@example.com,,Steinfeld Bau GmbH,Erfurt,2020-09-13
A-00589,Ulrike Novak,UNOVAK@EXAMPLE.COM,015100004617,Sonnenberg Metallbau GmbH,,2020-06-04
A-00590,O. VOLLMER,,(0151) 0000 6718,,Freiburg,2019-12-23
A-00591,leon winter,,0151-0000-5106,Alpenglut Gartenbau,,2021-10-21
A-00592,Test Kunde,test55@example.com,,,,2020-03-29
A-00593,Anna Voigt,  avoigt@example.com ,015100007922,Rheinblick Dachdecker GmbH,Erfurt,2023-09-16
A-00594,Jakob Kaiser,jakob.kaiser@example.com,Tel. 0151 00007067,Steinfeld Gartenbau,Essen,2022-11-22
A-00595,OTTILIE TEUFEL,OTTILIE.TEUFEL@EXAMPLE.COM,,Silberbach Gartenbau,,2020-12-17
A-00596,Theresa Lorenz,Theresa.Lorenz@Example.Com,015100005943,,Frankfurt,
A-00597,ARMIN KOVACS,armin.kovacs@example.com,+49 (0)151 0000 0340,,Kassel,2021-10-05
A-00598,Clara Baumgartner,clara.baumgartner@example.com,015100005278,Kiefernhof Gartenbau,Hannover,2022-02-27
A-00599,Bkocbgf Hdjpwab,bkocbgf.hdjpwab@example.com,+49 151 0000 6253,,,2019-06-26
A-00600,CARLA LÜDKE,cluedke@example.com,+49 151 00003706,Nordlicht Malerbetrieb,Leipzig,
A-00601,Kvzczs Vkhdp,,Tel. 0151 00004423,,,2019-07-28
A-00602,Rosa Frey,rosa.frey@example.com,,,Nürnberg,2023-07-14
A-00603,Björn Maurer,bjoern.maurer@example.com,0049 151 0000 5084,Rheinblick Schreinerei,Essen,2022-06-10
A-00604,Hannes Jung,HANNES.JUNG@EXAMPLE.COM,0151-0000-6844,Lindenhof Reinigung,Essen,2023-01-08
A-00605,cem albrecht,cem.albrecht@example.com,+49 (0)151 0000 8541,,,2024-12-05
A-00606,Walter Sommer,Walter.Sommer@Example.Org,0151 0000 9045,Kiefernhof Reinigung,Nürnberg,2024-07-07
A-00607,david quast,david.quast@example.com,(0151) 0000 8000,,Essen,2023-07-06
A-00608,Elif Neumann,Elif.Neumann@Example.Com,+49 151 00006791,Steinfeld Schreinerei,Dresden,2025-08-03
A-00609,Sven  Dahl ,sdahl@example.com,0151/00003523,,,2020-05-26
A-00610,Paul Fuchs,paul.fuchs@example.com,Tel. 0151 00009872,,Mainz,2023-01-15
A-00611,Boris Kovacs,,0151 0000 0627,Alpenglut Elektro,Berlin,2020-01-28
A-00612,Mara Wagner,mara.wagner@example.com,0151 0000 5148,,Mainz,2021-07-15
A-00613,Dummy Kontakt,dummy.kontakt19@example.com,0151/00001425,,,2021-03-26
A-00614,Alina Lindner,,(0151) 0000 4280,Tannenwald Heizung & Sanitär,Graz,2025-02-01
A-00615,Walter Nowak,Walter.Nowak@Example.Com,,Kiefernhof Metallbau GmbH,Dortmund,2023-06-11
A-00616,Yannik Winter,Ywinter@Example.Com,,,Dortmund,2021-06-29
A-00617,Ihznxqkx Uxbsmgq,ihznxqkx.uxbsmgq@example.com,0151 0000 1041,,,2019-06-10
A-00618,Armin Neumann,,,,Hannover,2023-12-17
A-00619,DAVID KOVACS,david.kovacs@example.com,0151 0000 8005,,Dresden,2025-05-29
A-00620,RITA CONRAD,Rita.Conrad@Example.Com,015100003045,Alpenglut Dachdecker GmbH,,2020-07-16
A-00621,Olivia  Ulrich ,olivia.ulrich@example.com,Tel. 0151 00008941,Sonnenberg Logistik KG,Essen,2020-03-11
A-00622,Ulrike Czerny,ulrike.czerny@example.com,0151/00007700,Falkenhorst Schreinerei,Köln,2019-01-26
A-00623,FABIAN HAAS,Fabian.Haas@Example.Com,,Bergwerk Reinigung,,2025-07-18
A-00624,sven nowak,sven.nowak@example.com,(0151) 0000 1777,Falkenhorst Heizung & Sanitär,Hamburg,2023-10-27
A-00625,Rita Kovacs,rita.kovacs@example.com,015100005440,Morgenrot Dachdecker GmbH,,2021-01-07
A-00626,hjlqefxx trsrzli,  hjlqefxx.trsrzli@example.com ,0049 151 0000 2505,,,2025-10-23
A-00627,Carla Ziegler,CARLA.ZIEGLER@EXAMPLE.COM,(0151) 0000 9488,,Leipzig,2023-07-10
A-00628,Timo Kovacs,,,Lindenhof Fensterbau,Frankfurt,2019-03-03
A-00629,Dummy Kontakt,dummy.kontakt50@example.com,,,,2023-04-11
A-00630,Heiko Eberle,n/a,0151,,Hamburg,2020-03-27
A-00631,Nadine Naumann,,0049 151 0000 7374,Steinfeld Dachdecker GmbH,,2024-07-09
A-00632,jürgen neumann,Juergen.Neumann2@Example.Com,0151/00004893,Alpenglut Metallbau GmbH,Bremen,2024-06-02
A-00633,OTTILIE RICHTER,ottilie.richter2@example.com,+4915100000252,Sonnenberg Elektro,Hannover,
A-00634,BORIS MARTIN,boris.martin@example.com,+49 151 00006985,Kiefernhof Bau GmbH,,2020-10-07
A-00635,I. Quast,iquast@example.com,,,,2020-05-18
A-00636,Noah Dietrich,  noah.dietrich@example.com ,,,Köln,2024-07-30
A-00637,Greta Krause,GRETA.KRAUSE@EXAMPLE.COM,0151-0000-1776,,Bremen,2022-01-28
A-00638,Tamara Fuchs,tamara.fuchs@example.com,+49 151 0000 0589,Nordlicht Gartenbau,Rostock,2020-10-14
A-00639,Grbzj Cqrv,Grbzjcqrv@Example.Com,+49 151 0000 4387,,,2021-08-05
A-00640,Alina Vogel,alina.vogel@example.com,,Eichenau Reinigung,Nürnberg,2024-07-11
A-00641,Xbvsv Lmkmlwfh,xbvsvlmkmlwfh@example.com,0151 0000 6483,,,2022-04-10
A-00642,Jonas Voigt,jonas.voigt@example.com,0151 0000 6072,Steinfeld Fensterbau,Kassel,2021-04-24
A-00643,käthe müller,kaethe.mueller@example.com,,,Köln,2021-07-06
A-00644,Walter Engel,Walter.Engel@Example.Com,015100007261,Tannenwald Gartenbau,Rostock,2022-11-15
A-00645,z. lüdke,zoe.luedke2@example.com,,Lindenhof Metallbau GmbH,,2023-11-14
A-00646,,Kontakt.2788@Example.Com,0151/00008646,,,2024-09-24
A-00647,Dummy Kontakt,test30@example.com,,,,2023-03-12
A-00648,Nils Ulrich,NILS.ULRICH@EXAMPLE.COM,,Seebrise Dachdecker GmbH,Nürnberg,2020-07-30
A-00649,J. Eberle,Juergen.Eberle2@Example.Com,,Eichenau Reinigung,Ulm,2024-02-12
A-00650,Ida  Kovacs ,IDA.KOVACS@EXAMPLE.COM,keine,,Köln,2023-12-16
A-00651,,Kontakt.8271@Example.Com,,,,2024-03-25
A-00652,clara thiel,clara.thiel@example.com,0049 151 0000 9747,,Dresden,2020-04-19
A-00653,Rita Marx,rita.marx@example.com,0151-0000-6133,Seebrise Logistik KG,Hannover,2022-12-17
A-00654,KÄTHE JÄGER,Kjaeger@Example.Com,,Alpenglut Reinigung,,2019-02-16
A-00655,Stefan Pfeiffer,Stefan.Pfeiffer@Example.Org,,Tannenwald Elektro,Hamburg,2023-01-06
A-00656,Viktor Czerny,Viktor.Czerny@Example.Com,0151/00003074,,Rostock,2021-06-30
A-00657,Zoe Ostermann,zoe.ostermann@example.com,015100004336,,Erfurt,2022-06-05
A-00658,Jürgen Ott,juergen.ott@example.com,(0151) 0000 9125,Morgenrot Bau GmbH,Stuttgart,2022-03-20
A-00659,Sven Bergmann,sven.bergmann@example.com,015100000043,,Leipzig,2022-02-19
A-00660,Elif Naumann 2,elif.naumann@example.com,,Nordlicht Gartenbau,Erfurt,2022-06-06
A-00661,boris wolff,boris.wolff@example.com,,Seebrise Bau GmbH,Freiburg,2021-10-17
A-00662,Dennis Peters,dennis.peters@example.org,0151-0000-8786,Tannenwald Logistik KG,München,2021-03-12
A-00663,Emma Kaiser,Emma.Kaiser@Example.Com,+49 (0)151 0000 9287,Tannenwald Malerbetrieb,Bremen,2021-05-11
A-00664,Birgit  Graf ,  birgit.graf@example.com ,015100002973,Alpenglut Reinigung,Leipzig,2020-12-04
A-00665,a. peters,armin.peters@example.com,,Bergwerk Malerbetrieb,,2024-12-20
A-00666,zoë lehmann,zoe.lehmann@example.com,+49,Alpenglut Bau GmbH,Dortmund,2023-03-25
A-00667,Zoë Kaiser,,0151 0000 5189,Falkenhorst Logistik KG,Hannover,2019-11-05
A-00668,Olivia Lorenz,olivia.lorenz@example.com,+49 151 00006966,Lindenhof Schreinerei,Rostock,2022-02-05
A-00669,UXPPDSH AXRMZVPQ,uxppdsh.axrmzvpq@example.com,0151-0000-2622,,,2022-08-14
A-00670,Stefan Teufel,stefan.teufel@example.com,,Eichenau Bau GmbH,Mainz,2019-03-07
A-00671,Gisela Graf,GISELA.GRAF@EXAMPLE.COM,+49 151 0000 7533,,Leipzig,2020-12-20
A-00672,Leon Reimann,Leon.Reimann@Example.Com,+49 151 0000 7778,,Stuttgart,2019-10-29
A-00673,Anna Beck,Abeck@Example.Com,,Lindenhof Gartenbau,,2023-02-21
A-00674,Jana  Haas ,Jana.Haas@Example.Org,(0151) 0000 5882,Nordlicht Elektro,Nürnberg,2019-06-05
A-00675,Jakob Dietrich,jakob.dietrich@example.com,0151/00002901,Seebrise Reinigung,Berlin,2024-08-12
A-00676,Jürgen Vogel,juergen.vogel@example.org,,Rheinblick Fensterbau,Dortmund,2020-06-28
A-00677,Sabine  Seidel ,,0049 151 0000 0129,Nordlicht Logistik KG,,2021-01-08
A-00678,Xenia Lehmann,  jjxtvppzw@example.com ,0151/00006127,Seebrise Haustechnik GmbH,Mainz,2019-10-03
A-00679,Dummy Kontakt,test8@example.com,0049 151 0000 3658,,,2019-09-05
A-00680,Lea Lüdke,,0151/00001021,,,
A-00681,Armin Roth,aroth@example.com,0151 0000 5968,,,2020-08-20
A-00682,Elif Beck,elif.beck@example.com,0049 151 0000 9084,Sonnenberg Elektro,Mainz,2022-10-19
A-00683,,Kontakt.4343@Example.Com,Tel. 0151 00006933,,,2023-08-31
A-00684,Olivia  Jansen ,olivia.jansen@example.com,+49 151 00000345,Steinfeld Malerbetrieb,Mainz,2023-11-11
A-00685,Tamara Teufel,tteufel@example.com,+49 (0)151 0000 1226,Morgenrot Heizung & Sanitär,,2023-10-07
A-00686,karin bergmann,,0049 151 0000 9508,,Graz,2025-06-05
A-00687,Qlcldag Fsizffg,qlcldag.fsizffg@example.com,+4915100008086,,,2020-01-16
A-00688,Zoë Czerny,zoe.czerny@example.com,+49 (0)151 0000 7785,Eichenau Logistik KG,Bremen,2023-10-07
A-00689,Ines Lehmann,Ilehmann@Example.Com,,,Köln,2024-12-29
A-00690,Rosa  Quast ,Rosa.Quast@Example.Com,+49 151 00003778,Silberbach Metallbau GmbH,Rostock,2022-06-08
A-00691,N. Marx,nmarx@example.com,+49 (0)151 0000 4382,Nordlicht Metallbau GmbH,Dortmund,2021-06-19
A-00692,Clara Czerny,clara.czerny@example.com,+49 (0)151 0000 3614,,Frankfurt,2022-12-20
A-00693,Clara Quast,Clara.Quast@Example.Com,,,,2023-04-06
A-00694,Boris Gebhardt,boris.gebhardt@example.com,Tel. 0151 00004635,,Dresden,2019-09-07
A-00695,clara novak,cnovak@example.com,0151/00004335,Steinfeld Fensterbau,,2025-03-28
A-00696,Njxvvni Gvfgkpqu,njxvvni.gvfgkpqu@example.com,0151 0000 8670,,,2023-06-28
A-00697,Anna Roth,anna.roth@example.com,0151 0000 2089,,Stuttgart,2020-09-05
A-00698,J.  Haas ,Jana.Haas2@Example.Com,0151-0000-3131,,Bremen,2024-06-17
A-00699,Ben Thiel,ben.thiel@example.com,+49 151 0000 7895,,Dortmund,2025-10-04
A-00700,Yannik Schröder,yannik.schroeder@example.com,+4915100004034,Rheinblick Bau GmbH,Dresden,2023-08-28
A-00701,Tamara Kovacs,Tamara.Kovacs@Example.Com,+49 151 00004376,,Graz,2021-04-19
A-00702,Mara Krause,mara.krause@example.com,Tel. 0151 00008347,Kiefernhof Haustechnik GmbH,Rostock,2019-10-06
A-00703,Heiko Vollmer,heiko.vollmer@example.com,+49 (0)151 0000 8495,Rheinblick Schreinerei,Bremen,2023-08-13
A-00704,Elif Kovacs,Elif.Kovacs2@Example.Com,4915100003675,Eichenau Heizung & Sanitär,Freiburg,2024-05-15
A-00705,Ulrike  Ostermann ,Uostermann@Example.Com,+49 151 00003589,,Stuttgart,2020-08-01
A-00706,Felix Lüdke,felix.luedke2@example.com,,Wiesengrund Logistik KG,Nürnberg,2024-10-17
A-00707,Ulrike Ostermann,ulrike.ostermann@example.org,,Seebrise Elektro,Stuttgart,2024-02-19
A-00708,Erika Mustermann,test56@example.com,+49 (0)151 0000 4558,,,2021-04-25
A-00709,Mcxw Qrnpg,Mcxwqrnpg@Example.Com,0151 0000 4742,,,2021-06-28
A-00710,Timo Sommer,timo.sommer@example.com,,Alpenglut Haustechnik GmbH,Graz,2022-07-15
A-00711,Theresa Lehmann,theresa.lehmann2@example.com,0049 151 0000 6952,Kiefernhof Dachdecker GmbH,Freiburg,2020-09-23
A-00712,test kunde,  test.kunde27@example.com ,+49 151 0000 1536,,,2021-10-09
A-00713,Leon  Krause ,lkrause@example.com,+49 151 0000 0822,,,2019-08-18
A-00714,Noah Conrad,,0049 151 0000 5199,,,2023-06-05
A-00715,Asdf Hjkla,kontakt.1856@example.com,+4915100001291,,,2019-05-09
A-00716,p. jung,,015100007435,,,2024-12-06
A-00717,Paul Otto,  paul.otto@example.com ,,,,2022-12-31
A-00718,Clara Marx,Clara.Marx@Example.Com,+49 (0)151 0000 1234,Morgenrot Logistik KG,Mainz,2024-01-02
A-00719,Clara Jäger,CLARA.JAEGER@EXAMPLE.COM,+49 (0)151 0000 4782,,,2025-01-13
A-00720,Theresa Hartmann,,+49 151 0000 8891,Morgenrot Gartenbau,,2020-08-11
A-00721,Jonas Ott,JONAS.OTT2@EXAMPLE.COM,+49 151 0000 3938,Tannenwald Schreinerei,Frankfurt,2024-02-13
A-00722,Timo Marx,timo.marx2@example.com,tel folgt,Steinfeld Heizung & Sanitär,München,2025-06-01
A-00723,Fabian Arnold,  fabian.arnold@example.com ,Tel. 0151 00001634,Eichenau Elektro,,2021-03-15
A-00724,Alina Novak,anovak@example.com,,Bergwerk Bau GmbH,,2021-03-15
A-00725,Xenia Jansen,  xenia.jansen@example.org ,0151/00002616,,Bremen,2021-04-29
A-00726,Zoë Dahl,zoe.dahl2@example.com,0151-0000-7260,,Ulm,2022-08-27
A-00727,Emma Reimann,ereimann@example.com,0151 0000 5214,,Hannover,2019-11-25
A-00728,ERIKA MUSTERMANN,erika.mustermann48@example.com,,,,2025-08-01
A-00729,,kontakt.1248@example.com,+49 151 0000 2061,,,2022-01-28
A-00730,miriam jung,kein mail,+49 151 0000 4743,Nordlicht Reinigung,,2023-01-03
A-00731,Test Kunde,test.kunde25@example.com,+49 (0)151 0000 0521,,,2023-03-13
A-00732,O. Kaiser,,0049 151 0000 6465,Steinfeld Metallbau GmbH,,2020-07-05
A-00733,Nadine Teufel,NADINE.TEUFEL@EXAMPLE.COM,+49 151 0000 8931,,Rostock,2023-05-05
A-00734,rosa schröder 4,rosa.schroeder@example.com,,Steinfeld Dachdecker GmbH,Berlin,2021-06-18
A-00735,Ida Ostermann,,+49 151 0000 7141,,,2019-01-26
A-00736,Boris Ott,boris.ott@example.com,,Silberbach Heizung & Sanitär,Dortmund,2023-08-15
A-00737,Jonas Martin,JONAS.MARTIN@EXAMPLE.COM,+49 151 0000 7709,Tannenwald Elektro,,2025-06-29
A-00738,Cem Engel 4,Cem.Engel@Example.Com,,Kiefernhof Haustechnik GmbH,Hannover,2023-07-16
A-00739,LUKAS ARNOLD,lukas.arnold3@example.com,+49 151 0000 2325,Nordlicht Haustechnik GmbH,Dortmund,2021-05-01
A-00740,ROSA DAHL,rosa.dahl@example.com,keine,Wiesengrund Dachdecker GmbH,,
A-00741,philipp marx,philipp.marx@example.com,,,Dresden,2021-11-03
A-00742,m. sommer,  msommer@example.com ,Tel. 0151 00007252,,,2024-07-10
A-00743,Brbxugb Xeqbgsp,brbxugb.xeqbgsp@example.com,0151/00008349,,,2021-06-27
A-00744,Test Kunde,test37@example.com,015100000435,,,2019-12-04
A-00745,Greta Fuchs,Greta.Fuchs@Example.Com,0049 151 0000 2536,Kiefernhof Logistik KG,Ulm,2022-02-24
A-00746,Quentin Lindner,quentin.lindner@example.com,0151 123,,Freiburg,2021-04-08
A-00747,sven wolff,sven.wolff@example.com,+4915100004263,Bergwerk Heizung & Sanitär,Köln,2019-06-21
A-00748,Nils Dietrich,NILS.DIETRICH@EXAMPLE.COM,015100008836,Nordlicht Metallbau GmbH,,2024-09-12
A-00749,Quentin Lehmann,qlehmann@example.com,0049 151 0000 3567,,,2022-06-18
A-00750,U. Haas,uwe.haas@example.com,0151/00000660,Eichenau Haustechnik GmbH,Stuttgart,2025-09-15
A-00751,Leon Zimmer,leon.zimmer@example.com,,,,2020-11-27
A-00752,Oskar Seidel,oskar.seidel@example.com,,Silberbach Dachdecker GmbH,,2020-10-25
A-00753,Jana Vogel,jana.vogel@example.com,+4915100000983,,Köln,2020-04-30
A-00754,Carla Ibrahim,cibrahim@example.com,,Morgenrot Metallbau GmbH,Dortmund,2019-11-11
A-00755,Oskar  Vogel ,oskar.vogel@example.com,tel folgt,Wiesengrund Malerbetrieb,Stuttgart,2025-01-17
A-00756,Mara Haas,,(0151) 0000 2132,Tannenwald Haustechnik GmbH,,2023-09-30
A-00757,Rosa Richter,  rosa.richter2@example.com ,Tel. 0151 00005932,Falkenhorst Dachdecker GmbH,Ulm,2024-10-31
A-00758,rita ostermann,RITA.OSTERMANN@EXAMPLE.COM,+49 151 00001390,Tannenwald Bau GmbH,Freiburg,2019-10-09
A-00759,PHILIPP ALBRECHT,philipp.albrecht@example.com,+4915100002291,Tannenwald Fensterbau,Dresden,2023-07-14
A-00760,MARA YILMAZ,,0049 151 0000 7450,,Dortmund,2025-07-17
A-00761,OLIVIA SEIDEL,olivia.seidel@example.com,0151 0000 5379,,,2025-10-14
A-00762,Fnptazz Vlfjazb,fnptazz.vlfjazb@example.com,015100000772,,,2020-09-16
A-00763,Nadine Peters,NADINE.PETERS@EXAMPLE.COM,(0151) 0000 3144,Kiefernhof Gartenbau,Frankfurt,2020-03-17
A-00764,Dorothea Müller,dorothea.mueller@example.com,0151/00000535,Silberbach Fensterbau,Rostock,2019-03-10
A-00765,Ottilie Jung,ottilie.jung@example.com,+49 (0)151 0000 6930,Rheinblick Logistik KG,,2023-03-06
A-00766,Rita Krause,rita.krause@example.com,Tel. 0151 00000244,Bergwerk Dachdecker GmbH,Hamburg,2019-08-14
A-00767,walter dietrich,Wdietrich@Example.Com,0151-0000-7047,,Kassel,2023-08-03
A-00768,L. Schaefer,lschaefer@example.com,,Morgenrot Malerbetrieb,,2020-01-03
A-00769,Zoe Schaefer,zoe.schaefer2@example.com,,,Freiburg,2024-08-30
A-00770,CARLA HORVAT,carla.horvat@example.com,+4915100007706,Rheinblick Schreinerei,Mainz,2024-01-09
A-00771,DENNIS MARX,dennis.marx@example.com,+4915100000431,,Stuttgart,2024-12-18
A-00772,Alina Lüdke,,0049 151 0000 1513,,,2023-09-08
A-00773,Karin Ibrahim,karin.ibrahim@example.com,,,Stuttgart,2023-07-09
A-00774,Dennis Zimmer,-,,,Erfurt,
A-00775,theresa jung,  tjung@example.com ,(0151) 0000 4346,Lindenhof Bau GmbH,Frankfurt,2022-04-22
A-00776,Mara Jung,mara.jung2@example.com,Tel. 0151 00007056,Lindenhof Elektro,Stuttgart,2021-09-18
A-00777,Marek  Arnold ,MAREK.ARNOLD@EXAMPLE.COM,n/a,Sonnenberg Reinigung,Graz,2024-12-30
A-00778,Sabine  Frey ,sabine.frey@example.com,015100009874,Seebrise Dachdecker GmbH,Frankfurt,2025-05-25
A-00779,Sven Jansen,sjansen@example.com,0151 0000 0127,,,2020-02-02
A-00780,Zujvjfwl Rnnjjcta,zujvjfwl.rnnjjcta@example.com,+49 151 00009772,,,2023-09-22
A-00781,Ines Dietrich,  idietrich@example.com ,4915100005554,Falkenhorst Haustechnik GmbH,,2019-10-14
A-00782,Heiko Krause,Heiko.Krause@Example.Com,015100008923,Falkenhorst Heizung & Sanitär,,2020-05-18
A-00783,Ben Vogel,Ben.Vogel@Example.Com,0049 151 0000 7079,,Erfurt,2023-09-29
A-00784,Greta Bergmann,,+4915100004854,Alpenglut Dachdecker GmbH,Rostock,2020-01-03
A-00785,Tamara  Böhm ,tamara.boehm@example.com,+49 (0)151 0000 2069,Bergwerk Haustechnik GmbH,Essen,2023-11-28
A-00786,birgit jung,birgit.jung@example.com,Tel. 0151 00005375,,Berlin,2022-08-17
A-00787,Zoe Brandt,  zoe.brandt@example.com ,+49,Tannenwald Fensterbau,,2021-05-08
A-00788,armin naumann,  armin.naumann@example.com ,+49 151 0000 7844,,Hannover,2025-05-21
A-00789,Björn  Otto ,BJOERN.OTTO@EXAMPLE.COM,,Seebrise Heizung & Sanitär,Essen,2025-08-22
A-00790,Erika  Mustermann ,test36@example.com,0151/00009864,,,2022-01-23
A-00791,j. eberle,  juergen.eberle@example.com ,0049 151 0000 3818,Steinfeld Haustechnik GmbH,Rostock,2024-05-15
A-00792,Jürgen Frey,juergen.frey@example.com,+49 (0)151 0000 1050,Alpenglut Haustechnik GmbH,Mainz,2025-01-20
A-00793,Katharina  Martin ,katharina.martin@example.com,,Lindenhof Metallbau GmbH,Dresden,2019-02-15
A-00794,Rosa Jäger 4,rosa.jaeger@example.com,,,Freiburg,2020-08-03
A-00795,QUENTIN ALBRECHT,quentin.albrecht@example.com,0049 151 0000 2237,Nordlicht Heizung & Sanitär,Graz,2022-09-02
A-00796,BIRGIT LINDNER,birgit.lindner@example.com,0049 151 0000 3996,Rheinblick Schreinerei,Mainz,2023-09-16
A-00797,Uwe Thiel,uwe.thiel@example.com,+49 (0)151 0000 0232,Wiesengrund Haustechnik GmbH,Dortmund,2021-07-27
A-00798,Tamara Böhm,Tamara.Boehm2@Example.Com,,,Rostock,2021-11-23
A-00799,Oskar Frey,Ofrey@Example.Com,+49 151 00009642,,Kassel,2022-08-25
A-00800,KATHARINA NOWAK,katharina.nowak@example.com,0049 151 0000 2077,Alpenglut Dachdecker GmbH,Dresden,2023-02-05
A-00801,WIEBKE VOGEL,wiebke.vogel@example.com,,,Essen,2020-01-30
A-00802,Philipp Baumgartner,pbaumgartner@example.com,,Silberbach Gartenbau,Mainz,2022-05-12
A-00803,Ben Frey,ben.frey@example.com,0049 151 0000 2493,Nordlicht Reinigung,Erfurt,2020-10-18
A-00804,Käthe Schröder,kschroeder@example.com,,Morgenrot Metallbau GmbH,,2020-05-21
A-00805,Rita Gebhardt,Rita.Gebhardt@Example.Com,,,Rostock,2024-02-16
A-00806,Zoë Köhler,Zoe.Koehler@Example.Com,+49 151 0000 5492,Tannenwald Bau GmbH,Hannover,2023-05-11
A-00807,tamara neumann,tamara.neumann@example.com,Tel. 0151 00004962,Rheinblick Dachdecker GmbH,Dresden,2025-05-01
A-00808,ZOE LÜDKE,zoe.luedke@example.com,+49 151 00008446,Alpenglut Fensterbau,,2025-05-19
A-00809,Quentin Kaiser,quentin.kaiser@example.com,Tel. 0151 00005662,,Frankfurt,2022-03-14
A-00810,Boris Pfeiffer,boris.pfeiffer@@example.com,015100009018,Alpenglut Metallbau GmbH,Freiburg,2020-09-11
A-00811,Hannes  Roth  5 ,Hannes.Roth@Example.Com,,,Essen,2019-02-04
A-00812,Walter Horvat,,4915100002940,Alpenglut Fensterbau,,2020-04-14
A-00813,Timo Pfeiffer,timo.pfeiffer@example.com,015100002574,Eichenau Elektro,Stuttgart,2020-08-16
A-00814,O. Eberle,oskar.eberle@example.com,0049 151 0000 8289,Kiefernhof Schreinerei,Leipzig,2023-12-03
A-00815,Fabian Nowak,Fabian.Nowak@Example.Com,0151 123,,Frankfurt,
A-00816,sven sommer 9,SVEN.SOMMER@EXAMPLE.COM,,Alpenglut Logistik KG,,2022-05-28
A-00817,Jakob Roth,jakob.roth2@example.com,0151-0000-6731,Silberbach Fensterbau,,2022-01-31
A-00818,Karin  Roth ,Karin.Roth@Example.Com,0049 151 0000 4452,Steinfeld Elektro,Essen,2023-04-16
A-00819,Cem Quast,CEM.QUAST@EXAMPLE.COM,,,Erfurt,2025-04-26
A-00820,Jakob Roth,jroth@example.com,+49 151 0000 1870,,Erfurt,2021-06-25
A-00821,Jana Lorenz,Jana.Lorenz@Example.Com,0151,Steinfeld Haustechnik GmbH,Leipzig,
A-00822,Ottilie Fuchs,ottilie.fuchs@example.com,(0151) 0000 1230,Alpenglut Metallbau GmbH,Mainz,n/a
A-00823,Paul  Winter ,paul.winter2@example.com,Tel. 0151 00002550,Lindenhof Elektro,Bremen,
A-00824,ottilie peters,,0151 0000 5577,,Graz,2024-09-09
A-00825,ZOË EBERLE,Zeberle@Example.Com,015100003296,Lindenhof Heizung & Sanitär,Freiburg,2021-03-09
A-00826,INES HORVAT,Ines.Horvat@Example.Com,0049 151 0000 5261,Wiesengrund Elektro,Frankfurt,2023-08-24
A-00827,CARLA DAHL,carla.dahl@example.com,+49 151 00008239,Morgenrot Gartenbau,Bremen,2019-04-05
A-00828,Greta Bergmann,GRETA.BERGMANN@EXAMPLE.ORG,(0151) 0000 1140,Bergwerk Bau GmbH,Berlin,2019-01-30
A-00829,Lukas  Jung ,lukas.jung@example.com,0151/00006816,,,2020-09-06
A-00830,xenia kovacs,xenia.kovacs@example.org,,Wiesengrund Fensterbau,Berlin,2025-05-05
A-00831,WALTER MOSER 2,Walter.Moser@Example.Com,,,Hamburg,2025-12-23
A-00832,FELIX MARX,fmarx@example.com,,,,2019-10-01
A-00833,Birgit Jansen,birgit.jansen@example.com,+49 151 00009572,Bergwerk Reinigung,Frankfurt,2022-09-04
A-00834,Lglck Wfbpz,,+49 (0)151 0000 7518,,,2025-02-27
A-00835,Dorothea Vogel,dorothea.vogel@example.com,,Steinfeld Metallbau GmbH,Kassel,2020-11-22
A-00836,Gisela Otto,gotto@example.com,+49 151 0000 1875,Lindenhof Metallbau GmbH,Graz,2024-05-08
A-00837,David Eberle,David.Eberle@Example.Com,(0151) 0000 6348,Steinfeld Heizung & Sanitär,Nürnberg,2019-07-27
A-00838,Yannik Zimmer,Yannik.Zimmer@Example.Com,,,Erfurt,2023-03-06
A-00839,Miriam Thiel,mthiel@example.com,,,,2025-01-07
A-00840,JANA DIETRICH,jdietrich@example.com,015100004051,Wiesengrund Schreinerei,Leipzig,2024-06-11
A-00841,Sabine Thiel,STHIEL@EXAMPLE.COM,0151/00003793,,Dortmund,2024-09-08
A-00842,CARLA LORENZ,clorenz@example.com,+4915100005154,,Berlin,2021-04-05
A-00843,G. Lüdke,Greta.Luedke@Example.Com,0151/00007901,Alpenglut Bau GmbH,Rostock,2021-03-17
A-00844,Paul Ostermann,paul.ostermann@example.org,(0151) 0000 7528,Morgenrot Heizung & Sanitär,Kassel,2023-06-20
A-00845,Noah Beck,noah.beck@example.com,+49 (0)151 0000 2926,Alpenglut Haustechnik GmbH,Nürnberg,2024-07-28
A-00846,Lkrj Fvzhjxg,lkrjfvzhjxg@example.com,Tel. 0151 00006573,,,2019-06-07
A-00847,TEST TEST,test.test1@example.com,0151 0000 1825,,,2019-08-13
A-00848,Katharina Haas,khaas@example.com,,Rheinblick Malerbetrieb,Berlin,2020-11-15
A-00849,Test Test,test18@example.com,,,,2023-12-09
A-00850,sven nowak,snowak2@example.com,,Falkenhorst Heizung & Sanitär,Hamburg,
A-00851,Greta Martin,greta.martin@example.com,0151 123,Morgenrot Gartenbau,Hannover,2023-03-20
A-00852,Noah Ostermann,,+49 151 00004848,Rheinblick Fensterbau,Frankfurt,2022-09-06
A-00853,Heiko Teufel,,+49 151 00000716,Bergwerk Malerbetrieb,Mainz,2023-11-26
A-00854,Sabine Jäger,sabine.jaeger@example.com,+49 (0)151 0000 2530,,Berlin,2019-02-15
A-00855,Paul Dahl,,(0151) 0000 7693,Morgenrot Heizung & Sanitär,Leipzig,2025-02-22
A-00856,Asdf Hjkla,kontakt.7290@example.com,0151-0000-3947,,,2023-04-17
A-00857,MARA YILMAZ,mara.yilmaz@example.com,015100007450,,Dortmund,
A-00858,JONAS ALBRECHT,jonas.albrecht@example.com,0151/00009309,Alpenglut Gartenbau,Köln,2025-03-11
A-00859,Max Mustermann,test35@example.com,+49 151 0000 8280,,,2022-10-09
A-00860,cem beck,,+49 151 0000 7042,Alpenglut Reinigung,Freiburg,2020-09-03
A-00861,Anna Beck,anna.beck@example.com,0151 0000 6780,Lindenhof Gartenbau,,2024-03-19
A-00862,Karin Reimann,  karin.reimann@example.com ,Tel. 0151 00008338,Seebrise Metallbau GmbH,Dresden,2025-09-26
A-00863,Jonas Pfeiffer,jonas.pfeiffer@example.com,,,Rostock,2021-12-29
A-00864,WALTER PETERS,  walter.peters@example.com ,+4915100003120,,München,2020-08-08
A-00865,Emma Marx,emma.marx@example.com,+49 (0)151 0000 6698,Falkenhorst Elektro,Frankfurt,2025-09-21
A-00866,Cem Cem,  cem.cem@example.com ,0151 0000 2592,,,2022-04-16
A-00867,Birgit Lüdke,birgit.luedke@example.com,0151 0000 7801,Seebrise Fensterbau,,2023-06-07
A-00868,INES BÖHM,Ines.Boehm@Example.Com,+4915100001036,Nordlicht Metallbau GmbH,Dresden,2019-12-09
A-00869,Theresa Quast,Theresa.Quast@Example.Com,+49 151 0000 7343,Morgenrot Haustechnik GmbH,Essen,
A-00870,ZOE QUAST,zoe.quast3@example.com,+4915100007057,,Rostock,2020-06-23
A-00871,BORIS TEUFEL 6,boris.teufel@example.com,,Sonnenberg Haustechnik GmbH,Hamburg,2025-07-16
A-00872,Jürgen Eberle,juergen.eberle2@example.com,0049 151 0000 1235,Eichenau Reinigung,Ulm,2021-03-13
A-00873,Olivia Yilmaz,olivia.yilmaz@example.com,Tel. 0151 00002903,,Essen,2021-01-13
A-00874,Cem Eberle,ceberle@example.com,015100001754,,,2022-04-04
A-00875,Nadine Lorenz,Nlorenz@Example.Com,,Bergwerk Reinigung,Dresden,2022-10-11
A-00876,Miriam Maurer,  miriam.maurer@example.com ,+4915100000816,,Bremen,2019-06-04
A-00877,C. MARX,clara.marx@example.com,+49 151 0000 2307,Morgenrot Logistik KG,,2021-06-12
A-00878,Lukas Czerny,lukas.czerny@example.com,+49 151 00009960,Sonnenberg Reinigung,,2022-02-16
A-00879,Käthe Schröder,Kaethe.Schroeder@Example.Com,0049 151 0000 7753,Morgenrot Metallbau GmbH,Freiburg,2020-01-17
A-00880,S. Czerny,sven.czerny@example.com,+4915100005353,,Rostock,2021-10-24
A-00881,heiko fuchs,heiko.fuchs@example.com,0151-0000-7934,Falkenhorst Elektro,Stuttgart,2021-03-09
A-00882,Birgit Maurer,Birgit.Maurer@Example.Org,015100005515,,,2023-08-30
A-00883,Xenia Graf,xenia.graf@example.com,0151/00009447,,Stuttgart,2024-11-21
A-00884,Philipp Haas,  cprztldj@example.com ,(0151) 0000 1833,Sonnenberg Malerbetrieb,Mainz,2024-11-03
A-00885,Xenia Graf,xenia.graf2@example.com,+49 151 00009133,Seebrise Elektro,Dortmund,2023-07-24
A-00886,Zoë Engel,  zoe.engel2@example.com ,(0151) 0000 7505,Morgenrot Heizung & Sanitär,Graz,2023-05-14
A-00887,Lea Fuchs,lea.fuchs@example.com,0151/00007612,Morgenrot Bau GmbH,Ulm,2023-03-28
A-00888,K. Nowak,knowak@example.com,,,Ulm,2019-11-20
A-00889,birgit lehmann,blehmann@example.com,+49 151 00004720,,,2024-09-21
A-00890,Timo  Teufel ,timo.teufel@example.com,0049 151 0000 9973,Falkenhorst Schreinerei,Kassel,
A-00891,Rosa Conrad,,n/a,Bergwerk Dachdecker GmbH,Dresden,2020-01-19
A-00892,Ktqpmp Hwlfssh,Ktqpmphwlfssh@Example.Com,015100000917,,,2019-01-24
A-00893,Greta Lang,greta.lang@example.com,+49 151 0000 4931,,,2024-08-30
A-00894,Leon Thiel,leon.thiel@example.com,+49 151 0000 0754,Eichenau Fensterbau,Rostock,2023-06-26
A-00895,Anna Böhm,anna.boehm@example.com,4915100008033,,,2021-07-05
A-00896,PAUL ENGEL,paul.engel@example.com,4915100008825,Steinfeld Fensterbau,,2021-10-09
A-00897,Cem Unger,cem.unger@example.com,0151-0000-8480,Lindenhof Haustechnik GmbH,,2024-01-17
A-00898,Ottilie Wolff,OTTILIE.WOLFF@EXAMPLE.COM,,Silberbach Heizung & Sanitär,Köln,2020-01-11
A-00899,ROSA BERGMANN,rosa.bergmann@example.com,+4915100009285,,Nürnberg,2023-12-02
A-00900,xenia teufel,n/a,,Sonnenberg Elektro,München,2025-03-09
A-00901,Olivia Köhler,okoehler@example.com,(0151) 0000 4902,Steinfeld Bau GmbH,Köln,2020-11-18
A-00902,MAX MUSTERMANN,MAX.MUSTERMANN58@EXAMPLE.COM,,,,2022-02-02
A-00903,Wiebke Baumgartner,WBAUMGARTNER@EXAMPLE.COM,+49 (0)151 0000 1774,Morgenrot Reinigung,,2020-02-13
A-00904,Puxqbwzj Nnbigsg,puxqbwzj.nnbigsg@example.com,0151/00009578,,,2023-07-23
A-00905,U. Beck,none,Tel. 0151 00003229,Kiefernhof Schreinerei,Berlin,2023-05-03
A-00906,asdf hjkla,Kontakt.4453@Example.Com,0151 0000 5948,,,2020-08-04
A-00907,Sven Baumgartner,SVEN.BAUMGARTNER@EXAMPLE.COM,0151 0000 2431,Silberbach Gartenbau,Graz,2025-07-01
A-00908,paul krause,paul.krause@example.com,,Lindenhof Malerbetrieb,Essen,2022-02-14
A-00909,Birgit Ulrich,kein mail,0151-0000-1216,,München,2025-07-15
A-00910,ELIF MARX,Elif.Marx@Example.Org,Tel. 0151 00004804,Wiesengrund Metallbau GmbH,Stuttgart,2020-07-04
A-00911,Nrzb Tmmtdrk,,0049 151 0000 5169,,,2021-02-04
A-00912,paul bergmann,pbergmann@example.com,,Alpenglut Metallbau GmbH,Hamburg,2020-10-25
A-00913,Tamara Unger,TAMARA.UNGER@EXAMPLE.COM,+49 151 0000 5627,Alpenglut Bau GmbH,Stuttgart,2022-01-17
A-00914,team billing,billing@example.com,,,,2021-09-13
A-00915,DUMMY KONTAKT,dummy.kontakt44@example.com,,,,2019-12-18
A-00916,GISELA GRAF,gisela.graf2@example.com,+49 151 00006690,Eichenau Reinigung,Dresden,2019-09-23
A-00917,B. Conrad,bconrad@example.com,,Wiesengrund Reinigung,,2019-09-17
A-00918,Boris Naumann,boris.naumann@example.com,0151/00007398,,Stuttgart,2024-02-01
A-00919,Nadine Lüdke,nadine.luedke@example.com,0151-0000-9247,Steinfeld Metallbau GmbH,,2021-12-05
A-00920,Dennis Maurer,,+4915100005184,Silberbach Logistik KG,,2022-11-24
A-00921,Ida Jäger,,+49 151 00003112,,Erfurt,2020-02-14
A-00922,Jana Graf,jgraf@example.com,+4915100008865,Wiesengrund Metallbau GmbH,,2020-10-01
A-00923,Anna Zimmer,anna.zimmer@example.com,0151/00007561,,Rostock,2020-07-06
A-00924,zoë lindner,ZOE.LINDNER2@EXAMPLE.COM,,,Freiburg,2023-03-08
A-00925,Armin Graf,armin.graf@example.com,+4915100008395,Kiefernhof Malerbetrieb,Dresden,2020-08-01
A-00926,Jana Thiel,,015100003911,Lindenhof Dachdecker GmbH,,2022-05-13
A-00927,Jana Neumann,jana.neumann@example.com,0049 151 0000 9614,Nordlicht Dachdecker GmbH,Hannover,2024-12-06
A-00928,Leon Sommer,leon.sommer@example.com,+49 151 00000423,Sonnenberg Malerbetrieb,Leipzig,2024-04-03
A-00929,oskar brandt,  oskar.brandt@example.com ,+4915100008283,,Berlin,2025-09-03
A-00930,Mara Frey,Mara.Frey@Example.Com,0151/00008901,Wiesengrund Heizung & Sanitär,Ulm,2019-08-31
A-00931,Carla Ulrich,carla.ulrich@example.com,+49 151 00007887,,Nürnberg,2020-12-06
A-00932,Zoë Eberle,zoe.eberle3@example.com,0151 0000 3979,Steinfeld Fensterbau,Frankfurt,2023-04-11
A-00933,Boris Thiel,Boris.Thiel2@Example.Com,+49 151 00005068,Nordlicht Malerbetrieb,,2023-06-12
A-00934,Fabian Wagner,  fabian.wagner@example.com ,0151 123,,Leipzig,2024-02-15
A-00935,Anna Peters,anna.peters2@example.com,0151/00009476,Sonnenberg Schreinerei,,2020-11-25
A-00936,B. Ibrahim,,0049 151 0000 2507,Tannenwald Schreinerei,Köln,2022-04-25
A-00937,Leon Brandt,Leon.Brandt@Example.Com,4915100005170,Falkenhorst Elektro,,2019-08-17
A-00938,Jürgen Vollmer,,+49 (0)151 0000 7619,Seebrise Dachdecker GmbH,Freiburg,2025-12-18
A-00939,Anna Ulrich,ANNA.ULRICH@EXAMPLE.COM,,Silberbach Malerbetrieb,Köln,2023-06-24
A-00940,Philipp Baumgartner,PHILIPP.BAUMGARTNER@EXAMPLE.COM,+4915100009379,Silberbach Gartenbau,Mainz,2023-08-16
A-00941,Katharina Haas,katharina.haas@example.com,+4915100000993,Rheinblick Malerbetrieb,Berlin,2022-09-19
A-00942,CLARA PETERS,Clara.Peters@Example.Com,0049 151 0000 9900,Seebrise Haustechnik GmbH,Frankfurt,2019-07-09
A-00943,Tamara Martin,tamara.martin@example.com,,Eichenau Gartenbau,Stuttgart,2023-07-10
A-00944,Test Test,  test39@example.com ,,,,2022-09-10
A-00945,Uwe Hartmann,Uwe.Hartmann2@Example.Com,Tel. 0151 00000424,,Ulm,2024-12-14
A-00946,Leon Böhm,lboehm@example.com,0151-0000-6679,,Leipzig,2023-10-11
A-00947,rita ziegler,rita.ziegler@example.com,0151 0000 7111,Lindenhof Bau GmbH,Frankfurt,2025-05-23
A-00948,Mara Wagner,mara.wagner@example.com,+49 (0)151 0000 3347,Bergwerk Elektro,Mainz,2024-12-14
A-00949,Gisela Haas,gisela.haas@example.com,015100001138,,,2025-02-14
A-00950,FABIAN GEBHARDT,fabian.gebhardt@example.com,Tel. 0151 00006659,Steinfeld Elektro,Köln,2020-10-13
A-00951,Wiebke Zimmer,Wzimmer@Example.Com,0151 0000 9334,Falkenhorst Haustechnik GmbH,,
A-00952,Jakob Krause,JAKOB.KRAUSE@EXAMPLE.COM,tel folgt,Sonnenberg Reinigung,,2019-06-11
A-00953,cem teufel,cem.teufel2@example.com,0151 0000 3630,Rheinblick Schreinerei,Mainz,2025-06-21
A-00954,philipp jäger,  philipp.jaeger2@example.com ,0151-0000-2166,,Hannover,2023-10-25
A-00955,ELIF NEUMANN,elif.neumann2@example.com,0049 151 0000 5773,Sonnenberg Logistik KG,,2024-01-19
A-00956,,kontakt.1996@example.com,,,,2021-11-20
A-00957,Gisela Kaiser,gisela.kaiser@example.com,+49 151 00003955,Alpenglut Reinigung,,2025-07-07
A-00958,Katharina Lüdke,Katharina.Luedke@Example.Com,,Sonnenberg Metallbau GmbH,,2021-02-05
A-00959,Zoe Vogel,Zoe.Vogel@Example.Com,+49 151 00009785,Alpenglut Elektro,,2023-07-20
A-00960,Clara Bergmann,clara.bergmann@example.com,+4915100005618,,Hannover,2023-05-22
A-00961,Carla Dahl,Cdahl2@Example.Com,+49 151 00005140,Seebrise Haustechnik GmbH,,2024-11-16
A-00962,Birgit Lorenz,Birgit.Lorenz@Example.Com,0151-0000-8956,Tannenwald Metallbau GmbH,,
A-00963,Hannes Voigt,  hannes.voigt@example.com ,+49 151 0000 8222,Lindenhof Bau GmbH,,
A-00964,wiebke moser,  wmoser@example.com ,,,Bremen,2023-04-08
A-00965,philipp ziegler,philipp.ziegler@example.com,0151/00008356,Lindenhof Heizung & Sanitär,Dresden,
A-00966,A. TEUFEL,Alina.Teufel@Example.Com,+4915100006047,,Dortmund,2025-09-02
A-00967,r. ostermann,rostermann@example.com,0049 151 0000 2684,Sonnenberg Haustechnik GmbH,Freiburg,2024-06-06
A-00968,Walter Lehmann,walter.lehmann@example.com,,Wiesengrund Heizung & Sanitär,Mainz,2025-03-31
A-00969,Miriam Reimann,mreimann@example.com,,Rheinblick Reinigung,Bremen,2022-10-04
A-00970,FABIAN CONRAD,fabian.conrad@example.com,0151-0000-4177,Sonnenberg Metallbau GmbH,,2025-02-26
A-00971,emma frey,Emma.Frey@Example.Com,+49 151 00009397,Sonnenberg Bau GmbH,Graz,2025-08-16
A-00972,TEAM SUPPORT,support@example.com,,,,2020-01-02
A-00973,ROSA YILMAZ,kein mail,0151-0000-4184,,Berlin,2019-10-28
A-00974,Ottilie Richter,ottilie.richter@example.org,015100001585,,München,2025-07-24
A-00975,NADINE RICHTER,NADINE.RICHTER@EXAMPLE.COM,0151/00005040,Rheinblick Logistik KG,Essen,2019-07-13
A-00976,Nadine Jung,nadine.jung@example.com,0151-0000-0036,,Köln,2024-05-30
A-00977,Felix Engel,,Tel. 0151 00004498,Bergwerk Reinigung,Berlin,2024-04-22
A-00978,Boris Keller,boris.keller@example.org,,,,2020-12-20
A-00979,Jürgen Neumann,  juergen.neumann@example.com ,+49 (0)151 0000 6813,Tannenwald Fensterbau,München,2023-06-18
A-00980,BJÖRN FUCHS,,+49 151 00004916,,,2025-09-19
A-00981,LUKAS OTTO,lukas.otto@example.com,+49 151 0000 6524,,,2019-09-24
A-00982,D. Kovacs,david.kovacs2@example.com,+4915100005062,Silberbach Logistik KG,Freiburg,2021-11-11
A-00983,DOROTHEA YILMAZ,,Tel. 0151 00000208,Tannenwald Bau GmbH,,2025-12-12
A-00984,Leon Peters,,+4915100003395,Nordlicht Logistik KG,,2019-03-02
A-00985,hannes eberle,none,,Sonnenberg Malerbetrieb,Bremen,2020-12-30
A-00986,B.  Jansen ,BJANSEN@EXAMPLE.COM,,,,2025-03-08
A-00987,Greta Jung,greta.jung@example.com,015100002064,Steinfeld Dachdecker GmbH,Nürnberg,2025-03-25
A-00988,OLIVIA SEIDEL,Olivia.Seidel2@Example.Com,0151 0000 0471,Lindenhof Elektro,Berlin,2024-08-27
A-00989,Lea  Keller ,Lea.Keller@Example.Com,0151-0000-9348,Morgenrot Gartenbau,,2019-05-14
A-00990,sabine hartmann,sabine.hartmann.example.com,Tel. 0151 00009774,Tannenwald Heizung & Sanitär,Hamburg,2022-06-16
A-00991,Miriam Winter,miriam.winter@example.com,+49 (0)151 0000 7243,Sonnenberg Dachdecker GmbH,Berlin,2020-01-03
A-00992,PAUL BERGMANN,paul.bergmann@example.com,+4915100000728,Alpenglut Metallbau GmbH,Hamburg,2020-06-25
A-00993,H. Sommer,hsommer@example.com,+49 (0)151 0000 4987,Seebrise Elektro,Berlin,2025-11-19
A-00994,Boris Lüdke,bluedke@example.com,,Wiesengrund Heizung & Sanitär,München,2021-03-08
A-00995,JAKOB HORVAT,,+49 151 00003123,Eichenau Elektro,Frankfurt,2019-08-02
A-00996,Lukas Arnold,,+49 151 0000 1071,,Frankfurt,2023-07-24
A-00997,Ottilie Bergmann,ottilie.bergmann@example.com,0151 0000 9076,Lindenhof Dachdecker GmbH,,2021-02-05
A-00998,Quentin Lang,quentin.lang@example.com,0151 0000 4574,Bergwerk Heizung & Sanitär,Freiburg,2023-05-20
A-00999,Paul  Lehmann ,Paul.Lehmann2@Example.Com,4915100004199,Steinfeld Elektro,Erfurt,2019-06-18
A-01000,Jonas Gebhardt,  jonas.gebhardt@example.com ,,,,2019-10-16
A-01001,Emma Dahl,Emma.Dahl@Example.Com,015100000894,Tannenwald Schreinerei,,2020-06-24
A-01002,Rosa Köhler,rosa.koehler@example.com,,Seebrise Fensterbau,Essen,2019-12-05
A-01003,Yannik Lindner,yannik.lindner@example.com,0151-0000-5410,Nordlicht Bau GmbH,Frankfurt,2023-10-15
A-01004,Yannik Marx,yannik.marx@example.com,0151-0000-3854,Seebrise Haustechnik GmbH,Nürnberg,2019-12-12
A-01005,philipp haas,  philipp.haas2@example.com ,,Lindenhof Gartenbau,Kassel,n/a
A-01006,Ida Martin,ida.martin@example.com,015100005465,Falkenhorst Fensterbau,Berlin,
A-01007,Hannes Lang,Hannes.Lang@Example.Com,0151/00003525,Eichenau Metallbau GmbH,,2022-01-12
A-01008,Vera Gebhardt,vera.gebhardt@example.com,015100002331,Wiesengrund Heizung & Sanitär,Ulm,2022-03-27
A-01009,Mara Seidel,Mara.Seidel@Example.Com,12345,,Erfurt,2025-05-10
A-01010,Zoë Ibrahim,zoe.ibrahim@example.com,+4915100007031,Bergwerk Dachdecker GmbH,,2020-03-28
A-01011,Gisela Moser,GISELA.MOSER@EXAMPLE.COM,keine,Steinfeld Metallbau GmbH,Köln,2025-02-12
A-01012,WJDLJ XVZHRG,WJDLJXVZHRG@EXAMPLE.COM,+49 (0)151 0000 1170,,,2023-04-02
A-01013,Zoë Sommer,Zoe.Sommer@Example.Com,015100006506,Kiefernhof Heizung & Sanitär,Erfurt,2020-07-23
A-01014,MIRIAM REIMANN,Miriam.Reimann@Example.Com,(0151) 0000 1890,Rheinblick Reinigung,Bremen,2022-03-29
A-01015,boris kaiser,  boris.kaiser@example.com ,+49 151 00003140,,Hamburg,2024-11-16
A-01016,Dennis Pfeiffer,  dennis.pfeiffer@example.com ,(0151) 0000 6243,Tannenwald Dachdecker GmbH,München,2020-12-13
A-01017,Cem Horvat,cem.horvat@example.com,,,,2023-09-30
A-01018,Uwe Lang,uwe.lang@example.com,0151 0000 1730,Alpenglut Schreinerei,Ulm,2025-09-16
A-01019,Zoë Eberle,zoe.eberle@example.com,0151/00003296,Lindenhof Heizung & Sanitär,Freiburg,2024-04-18
A-01020,Boris Lang,boris.lang@example.com,0151/00004921,Steinfeld Metallbau GmbH,Dortmund,2020-03-12
A-01021,Jana Graf,jana.graf@example.com,+4915100008865,Wiesengrund Metallbau GmbH,,2019-01-07
A-01022,Noah Thiel,nthiel@example.com,+49 (0)151 0000 0360,,,2024-09-04
A-01023,Olivia Frey,Olivia.Frey@Example.Com,+49 (0)151 0000 7142,Sonnenberg Schreinerei,Hannover,
A-01024,Zoe Keller,zoe.keller@example.org,,Falkenhorst Schreinerei,,2023-04-26
A-01025,boris keller,boris.keller2@example.com,015100004273,,,2021-06-27
